2025-07-17T22:28:22: 🚀 Starting global survival round checker for automatic elimination...
2025-07-17T22:28:22: 🔐 [SECURITY] Loaded 7 admin IP(s) from environment
2025-07-17T22:28:22: 🔍 Environment variables loaded:
2025-07-17T22:28:22:    ADMIN_WALLET_ADDRESSES: 0x4C6165286739696849Fb3e77A16b0639D762c5B6,0x3e4d881819768fab30c5a79F3A9A7e69f0a935a4
2025-07-17T22:28:22:    NODE_ENV: production
2025-07-17T22:28:22: 🔧 Initializing Survival Round Service...
2025-07-17T22:28:22: 🔧 Audit system temporarily disabled for debugging...
2025-07-17T22:28:22: 🔧 Initializing Automated Withdrawal System...
2025-07-17T22:28:22: 🔐 [SECURITY] Automated withdrawal service configuration loaded:
2025-07-17T22:28:22: 🔐 [SECURITY] ethereum: RPC=✓, Contracts=✗
2025-07-17T22:28:22: 🔐 [SECURITY] base: RPC=✓, Contracts=✗
2025-07-17T22:28:22: 🔐 [SECURITY] bsc: RPC=✓, Contracts=✗
2025-07-17T22:28:22: 🔐 [SECURITY] optimism: RPC=✓, Contracts=✗
2025-07-17T22:28:22: 🔐 [SECURITY] arbitrum: RPC=✓, Contracts=✗
2025-07-17T22:28:22: 🔐 [SECURITY] sepolia: RPC=✓, Contracts=✓
2025-07-17T22:28:22: 🔐 [SECURITY] holesky: RPC=✓, Contracts=✓
2025-07-17T22:28:22: 🌐 [SCHEDULER] Using Sepolia RPC: https://eth-sepolia.public.blastapi.io
2025-07-17T22:28:22: 🚀 [SCHEDULER] Starting automated withdrawal processing every 5 minutes
2025-07-17T22:28:22: 🔄 [SCHEDULER] Starting withdrawal processing at 2025-07-17T14:28:22.135Z
2025-07-17T22:28:22: 🔄 [AUTO-WD] Starting automated withdrawal processing...
2025-07-17T22:28:22: ✅ [AUTO-WD] Automated withdrawal system initialized
2025-07-17T22:28:22: 📋 [AUTO-WD] Processing interval: 5 minutes
2025-07-17T22:28:22: 🔑 [AUTO-WD] Admin private key configured: Yes
2025-07-17T22:28:22: 🔐 [DEPOSIT-SECURITY] Starting automated deposit security monitoring...
2025-07-17T22:28:22: 🔍 [DEPOSIT-SECURITY] Running automated security checks...
2025-07-17T22:28:22: 🔐 [DEPOSIT-SECURITY] Automated monitoring started
2025-07-17T22:28:22: 10:28:22 PM [express] serving on port 5000
2025-07-17T22:28:22: ✅ [DEPOSIT-SECURITY] Security checks completed successfully
2025-07-17T22:28:22: 📝 [AUTO-WD] Found 0 pending withdrawals
2025-07-17T22:28:22: ✅ [SCHEDULER] Withdrawal processing completed in 44ms
2025-07-17T22:28:27: 🚀 [CHECKER] Running initial check after server startup...
2025-07-17T22:28:27: 🔍 [CHECKER] Running global round checker at 2025-07-17T14:28:27.132Z
2025-07-17T22:28:27: 🔍 [CHECKER] No active tournaments found
2025-07-17T22:28:32: 🔍 [CHECKER] Running global round checker at 2025-07-17T14:28:32.131Z
2025-07-17T22:28:32: 🔍 [CHECKER] No active tournaments found
2025-07-17T22:28:42: 🔍 [CHECKER] Running global round checker at 2025-07-17T14:28:42.131Z
2025-07-17T22:28:42: 🔍 [CHECKER] No active tournaments found
2025-07-17T22:28:52: 🔍 [CHECKER] Running global round checker at 2025-07-17T14:28:52.131Z
2025-07-17T22:28:52: 🔍 [CHECKER] No active tournaments found
2025-07-17T22:29:02: 🔍 [CHECKER] Running global round checker at 2025-07-17T14:29:02.131Z
2025-07-17T22:29:02: 🔍 [CHECKER] No active tournaments found
2025-07-17T22:29:05: 10:29:05 PM [express] GET /api/user 401 in 2ms :: {"message":"Authentication required"}
2025-07-17T22:29:05: 📊 [API] Platform stats endpoint called - fetching REAL database data
2025-07-17T22:29:05: ✅ [API] SUCCESS: Returning REAL platform stats from database: {
  totalPredictions: 0,
  totalBattles: 0,
  totalSurvivalTournaments: 0,
  totalStakedNTIQ: 0,
  totalRewardsDistributed: 0,
  activePredictions: 0,
  activeBattles: 0,
  activeSurvivalTournaments: 0,
  totalUsers: 0,
  totalTransactions: 0
}
2025-07-17T22:29:05: 10:29:05 PM [express] GET /api/platform/stats 200 in 6ms :: {"totalPredictions":0,"totalBattles":0,"t…
2025-07-17T22:29:06: ✅ Successfully fetched real crypto prices from CoinGecko
2025-07-17T22:29:06: 🔄 [SYNCHRONIZED] Applied -0.2043% variation to prices (sync time: 1752762546000)
2025-07-17T22:29:06: 🟠 [BTC] Original: $118595.00, With variation: $118352.73
2025-07-17T22:29:06: 10:29:06 PM [express] GET /api/crypto/prices 200 in 768ms :: [{"id":"polkadot","symbol":"DOT","name":…
2025-07-17T22:29:12: 🔍 [CHECKER] Running global round checker at 2025-07-17T14:29:12.131Z
2025-07-17T22:29:12: 🔍 [CHECKER] No active tournaments found
2025-07-17T22:29:18: 10:29:18 PM [express] GET /api/user 401 in 1ms :: {"message":"Authentication required"}
2025-07-17T22:29:21: 10:29:21 PM [express] GET /api/user 401 in 1ms :: {"message":"Authentication required"}
2025-07-17T22:29:22: 🔍 [CHECKER] Running global round checker at 2025-07-17T14:29:22.132Z
2025-07-17T22:29:22: 🔍 [CHECKER] No active tournaments found
2025-07-17T22:29:32: 10:29:32 PM [express] GET /api/user 401 in 0ms :: {"message":"Authentication required"}
2025-07-17T22:29:32: 🔍 [CHECKER] Running global round checker at 2025-07-17T14:29:32.132Z
2025-07-17T22:29:32: 🔍 [CHECKER] No active tournaments found
2025-07-17T22:29:42: 🔍 [CHECKER] Running global round checker at 2025-07-17T14:29:42.133Z
2025-07-17T22:29:42: 🔍 [CHECKER] No active tournaments found
2025-07-17T22:29:52: 🔍 [CHECKER] Running global round checker at 2025-07-17T14:29:52.133Z
2025-07-17T22:29:52: 🔍 [CHECKER] No active tournaments found
2025-07-17T22:30:02: 🔍 [CHECKER] Running global round checker at 2025-07-17T14:30:02.133Z
2025-07-17T22:30:02: 🔍 [CHECKER] No active tournaments found
2025-07-17T22:30:12: 🔍 [CHECKER] Running global round checker at 2025-07-17T14:30:12.133Z
2025-07-17T22:30:12: 🔍 [CHECKER] No active tournaments found
2025-07-17T22:30:22: 🔍 [CHECKER] Running global round checker at 2025-07-17T14:30:22.133Z
2025-07-17T22:30:22: 🔍 [CHECKER] No active tournaments found
2025-07-17T22:30:32: 10:30:32 PM [express] GET /api/user 401 in 0ms :: {"message":"Authentication required"}
2025-07-17T22:30:32: 🔍 [CHECKER] Running global round checker at 2025-07-17T14:30:32.133Z
2025-07-17T22:30:32: 🔍 [CHECKER] No active tournaments found
2025-07-17T22:30:39: 📊 [API] Platform stats endpoint called - fetching REAL database data
2025-07-17T22:30:39: ✅ [API] SUCCESS: Returning REAL platform stats from database: {
  totalPredictions: 0,
  totalBattles: 0,
  totalSurvivalTournaments: 0,
  totalStakedNTIQ: 0,
  totalRewardsDistributed: 0,
  activePredictions: 0,
  activeBattles: 0,
  activeSurvivalTournaments: 0,
  totalUsers: 0,
  totalTransactions: 0
}
2025-07-17T22:30:39: 10:30:39 PM [express] GET /api/platform/stats 200 in 4ms :: {"totalPredictions":0,"totalBattles":0,"t…
2025-07-17T22:30:40: ✅ Successfully fetched real crypto prices from CoinGecko
2025-07-17T22:30:40: 🔄 [SYNCHRONIZED] Applied -0.0362% variation to prices (sync time: 1752762639000)
2025-07-17T22:30:40: 🟠 [BTC] Original: $118625.00, With variation: $118582.03
2025-07-17T22:30:40: 10:30:40 PM [express] GET /api/crypto/prices 200 in 484ms :: [{"id":"polkadot","symbol":"DOT","name":…
2025-07-17T22:30:42: 🔍 [CHECKER] Running global round checker at 2025-07-17T14:30:42.133Z
2025-07-17T22:30:42: 🔍 [CHECKER] No active tournaments found
2025-07-17T22:30:42: 🔄 [SYNCHRONIZED] Applied 0.1724% variation to prices (sync time: 1752762642000)
2025-07-17T22:30:42: 🟠 [BTC] Original: $118625.00, With variation: $118829.49
2025-07-17T22:30:42: 10:30:42 PM [express] GET /api/crypto/prices 200 in 8ms :: [{"id":"polkadot","symbol":"DOT","name":"P…
2025-07-17T22:30:42: 📊 [API] Platform stats endpoint called - fetching REAL database data
2025-07-17T22:30:42: ✅ [API] SUCCESS: Returning REAL platform stats from database: {
  totalPredictions: 0,
  totalBattles: 0,
  totalSurvivalTournaments: 0,
  totalStakedNTIQ: 0,
  totalRewardsDistributed: 0,
  activePredictions: 0,
  activeBattles: 0,
  activeSurvivalTournaments: 0,
  totalUsers: 0,
  totalTransactions: 0
}
2025-07-17T22:30:42: 10:30:42 PM [express] GET /api/platform/stats 200 in 5ms :: {"totalPredictions":0,"totalBattles":0,"t…
2025-07-17T22:30:44: 🔄 [SYNCHRONIZED] Applied 0.1724% variation to prices (sync time: 1752762642000)
2025-07-17T22:30:44: 🟠 [BTC] Original: $118625.00, With variation: $118829.49
2025-07-17T22:30:44: 10:30:44 PM [express] GET /api/crypto/prices 304 in 7ms :: [{"id":"polkadot","symbol":"DOT","name":"P…
2025-07-17T22:30:45: 📊 [API] Platform stats endpoint called - fetching REAL database data
2025-07-17T22:30:45: ✅ [API] SUCCESS: Returning REAL platform stats from database: {
  totalPredictions: 0,
  totalBattles: 0,
  totalSurvivalTournaments: 0,
  totalStakedNTIQ: 0,
  totalRewardsDistributed: 0,
  activePredictions: 0,
  activeBattles: 0,
  activeSurvivalTournaments: 0,
  totalUsers: 0,
  totalTransactions: 0
}
2025-07-17T22:30:45: 10:30:45 PM [express] GET /api/platform/stats 200 in 4ms :: {"totalPredictions":0,"totalBattles":0,"t…
2025-07-17T22:30:46: 🔄 [SYNCHRONIZED] Applied 0.0214% variation to prices (sync time: 1752762645000)
2025-07-17T22:30:46: 🟠 [BTC] Original: $118625.00, With variation: $118650.44
2025-07-17T22:30:46: 10:30:46 PM [express] GET /api/crypto/prices 200 in 6ms :: [{"id":"polkadot","symbol":"DOT","name":"P…
2025-07-17T22:30:48: 🔄 [SYNCHRONIZED] Applied -0.1194% variation to prices (sync time: 1752762648000)
2025-07-17T22:30:48: 🟠 [BTC] Original: $118625.00, With variation: $118483.39
2025-07-17T22:30:48: 10:30:48 PM [express] GET /api/crypto/prices 200 in 5ms :: [{"id":"polkadot","symbol":"DOT","name":"P…
2025-07-17T22:30:48: 📊 [API] Platform stats endpoint called - fetching REAL database data
2025-07-17T22:30:48: ✅ [API] SUCCESS: Returning REAL platform stats from database: {
  totalPredictions: 0,
  totalBattles: 0,
  totalSurvivalTournaments: 0,
  totalStakedNTIQ: 0,
  totalRewardsDistributed: 0,
  activePredictions: 0,
  activeBattles: 0,
  activeSurvivalTournaments: 0,
  totalUsers: 0,
  totalTransactions: 0
}
2025-07-17T22:30:48: 10:30:48 PM [express] GET /api/platform/stats 200 in 2ms :: {"totalPredictions":0,"totalBattles":0,"t…
2025-07-17T22:30:50: ✅ Successfully fetched real crypto prices from CoinGecko
2025-07-17T22:30:50: 🔄 [SYNCHRONIZED] Applied -0.1194% variation to prices (sync time: 1752762648000)
2025-07-17T22:30:50: 🟠 [BTC] Original: $118625.00, With variation: $118483.39
2025-07-17T22:30:50: 10:30:50 PM [express] GET /api/crypto/prices 304 in 190ms :: [{"id":"polkadot","symbol":"DOT","name":…
2025-07-17T22:30:51: 10:30:51 PM [express] GET /api/user 401 in 1ms :: {"message":"Authentication required"}
2025-07-17T22:30:52: 🔍 [CHECKER] Running global round checker at 2025-07-17T14:30:52.133Z
2025-07-17T22:30:52: 🔍 [CHECKER] No active tournaments found
2025-07-17T22:31:02: 🔍 [CHECKER] Running global round checker at 2025-07-17T14:31:02.133Z
2025-07-17T22:31:02: 🔍 [CHECKER] No active tournaments found
2025-07-17T22:31:12: 🔍 [CHECKER] Running global round checker at 2025-07-17T14:31:12.133Z
2025-07-17T22:31:12: 🔍 [CHECKER] No active tournaments found
2025-07-17T22:31:22: 🔍 [CHECKER] Running global round checker at 2025-07-17T14:31:22.133Z
2025-07-17T22:31:22: 🔍 [CHECKER] No active tournaments found
2025-07-17T22:31:32: 🔍 [CHECKER] Running global round checker at 2025-07-17T14:31:32.133Z
2025-07-17T22:31:32: 🔍 [CHECKER] No active tournaments found
2025-07-17T22:31:42: 🔍 [CHECKER] Running global round checker at 2025-07-17T14:31:42.133Z
2025-07-17T22:31:42: 🔍 [CHECKER] No active tournaments found
2025-07-17T22:31:52: 🔍 [CHECKER] Running global round checker at 2025-07-17T14:31:52.133Z
2025-07-17T22:31:52: 🔍 [CHECKER] No active tournaments found
2025-07-17T22:32:02: 🔍 [CHECKER] Running global round checker at 2025-07-17T14:32:02.133Z
2025-07-17T22:32:02: 🔍 [CHECKER] No active tournaments found
2025-07-17T22:32:12: 🔍 [CHECKER] Running global round checker at 2025-07-17T14:32:12.133Z
2025-07-17T22:32:12: 🔍 [CHECKER] No active tournaments found
2025-07-17T22:32:22: 🔍 [CHECKER] Running global round checker at 2025-07-17T14:32:22.133Z
2025-07-17T22:32:22: 🔍 [CHECKER] No active tournaments found
2025-07-17T22:32:32: 🔍 [CHECKER] Running global round checker at 2025-07-17T14:32:32.133Z
2025-07-17T22:32:32: 🔍 [CHECKER] No active tournaments found
2025-07-17T22:32:42: 🔍 [CHECKER] Running global round checker at 2025-07-17T14:32:42.134Z
2025-07-17T22:32:42: 🔍 [CHECKER] No active tournaments found
2025-07-17T22:32:52: 🔍 [CHECKER] Running global round checker at 2025-07-17T14:32:52.134Z
2025-07-17T22:32:52: 🔍 [CHECKER] No active tournaments found
2025-07-17T22:33:02: 🔍 [CHECKER] Running global round checker at 2025-07-17T14:33:02.134Z
2025-07-17T22:33:02: 🔍 [CHECKER] No active tournaments found
2025-07-17T22:33:09: 10:33:09 PM [express] GET /api/user 401 in 1ms :: {"message":"Authentication required"}
2025-07-17T22:33:12: 🔍 [CHECKER] Running global round checker at 2025-07-17T14:33:12.134Z
2025-07-17T22:33:12: 🔍 [CHECKER] No active tournaments found
2025-07-17T22:33:12: 📊 [API] Platform stats endpoint called - fetching REAL database data
2025-07-17T22:33:12: ✅ [API] SUCCESS: Returning REAL platform stats from database: {
  totalPredictions: 0,
  totalBattles: 0,
  totalSurvivalTournaments: 0,
  totalStakedNTIQ: 0,
  totalRewardsDistributed: 0,
  activePredictions: 0,
  activeBattles: 0,
  activeSurvivalTournaments: 0,
  totalUsers: 0,
  totalTransactions: 0
}
2025-07-17T22:33:12: 10:33:12 PM [express] GET /api/platform/stats 200 in 4ms :: {"totalPredictions":0,"totalBattles":0,"t…
2025-07-17T22:33:13: ✅ Successfully fetched real crypto prices from CoinGecko
2025-07-17T22:33:13: 🔄 [SYNCHRONIZED] Applied 0.0934% variation to prices (sync time: 1752762792000)
2025-07-17T22:33:13: 🟠 [BTC] Original: $118659.00, With variation: $118769.81
2025-07-17T22:33:13: 10:33:13 PM [express] GET /api/crypto/prices 200 in 910ms :: [{"id":"polkadot","symbol":"DOT","name":…
2025-07-17T22:33:15: 📊 [API] Platform stats endpoint called - fetching REAL database data
2025-07-17T22:33:16: ✅ [API] SUCCESS: Returning REAL platform stats from database: {
  totalPredictions: 0,
  totalBattles: 0,
  totalSurvivalTournaments: 0,
  totalStakedNTIQ: 0,
  totalRewardsDistributed: 0,
  activePredictions: 0,
  activeBattles: 0,
  activeSurvivalTournaments: 0,
  totalUsers: 0,
  totalTransactions: 0
}
2025-07-17T22:33:16: 10:33:16 PM [express] GET /api/platform/stats 200 in 5ms :: {"totalPredictions":0,"totalBattles":0,"t…
2025-07-17T22:33:16: 🔄 [SYNCHRONIZED] Applied -0.0214% variation to prices (sync time: 1752762795000)
2025-07-17T22:33:16: 🟠 [BTC] Original: $118659.00, With variation: $118633.55
2025-07-17T22:33:16: 10:33:16 PM [express] GET /api/crypto/prices 200 in 6ms :: [{"id":"polkadot","symbol":"DOT","name":"P…
2025-07-17T22:33:18: 🔄 [SYNCHRONIZED] Applied -0.2294% variation to prices (sync time: 1752762798000)
2025-07-17T22:33:18: 🟠 [BTC] Original: $118659.00, With variation: $118386.79
2025-07-17T22:33:18: 10:33:18 PM [express] GET /api/crypto/prices 200 in 7ms :: [{"id":"polkadot","symbol":"DOT","name":"P…
2025-07-17T22:33:19: 📊 [API] Platform stats endpoint called - fetching REAL database data
2025-07-17T22:33:19: ✅ [API] SUCCESS: Returning REAL platform stats from database: {
  totalPredictions: 0,
  totalBattles: 0,
  totalSurvivalTournaments: 0,
  totalStakedNTIQ: 0,
  totalRewardsDistributed: 0,
  activePredictions: 0,
  activeBattles: 0,
  activeSurvivalTournaments: 0,
  totalUsers: 0,
  totalTransactions: 0
}
2025-07-17T22:33:19: 10:33:19 PM [express] GET /api/platform/stats 200 in 4ms :: {"totalPredictions":0,"totalBattles":0,"t…
2025-07-17T22:33:19: 10:33:19 PM [express] GET /api/user 401 in 1ms :: {"message":"Authentication required"}
2025-07-17T22:33:22: 🔍 [CHECKER] Running global round checker at 2025-07-17T14:33:22.134Z
2025-07-17T22:33:22: 🔍 [CHECKER] No active tournaments found
2025-07-17T22:33:22: 🔄 [SCHEDULER] Starting withdrawal processing at 2025-07-17T14:33:22.136Z
2025-07-17T22:33:22: 🔄 [AUTO-WD] Starting automated withdrawal processing...
2025-07-17T22:33:22: 📝 [AUTO-WD] Found 0 pending withdrawals
2025-07-17T22:33:22: ✅ [SCHEDULER] Withdrawal processing completed in 1ms
2025-07-17T22:33:32: 🔍 [CHECKER] Running global round checker at 2025-07-17T14:33:32.134Z
2025-07-17T22:33:32: 🔍 [CHECKER] No active tournaments found
2025-07-17T22:33:42: 🔍 [CHECKER] Running global round checker at 2025-07-17T14:33:42.135Z
2025-07-17T22:33:42: 🔍 [CHECKER] No active tournaments found
2025-07-17T22:33:52: 🔍 [CHECKER] Running global round checker at 2025-07-17T14:33:52.135Z
2025-07-17T22:33:52: 🔍 [CHECKER] No active tournaments found
2025-07-17T22:34:02: 🔍 [CHECKER] Running global round checker at 2025-07-17T14:34:02.135Z
2025-07-17T22:34:02: 🔍 [CHECKER] No active tournaments found
2025-07-17T22:34:12: 🔍 [CHECKER] Running global round checker at 2025-07-17T14:34:12.135Z
2025-07-17T22:34:12: 🔍 [CHECKER] No active tournaments found
2025-07-17T22:34:22: 🔍 [CHECKER] Running global round checker at 2025-07-17T14:34:22.135Z
2025-07-17T22:34:22: 🔍 [CHECKER] No active tournaments found
2025-07-17T22:34:32: 🔍 [CHECKER] Running global round checker at 2025-07-17T14:34:32.135Z
2025-07-17T22:34:32: 🔍 [CHECKER] No active tournaments found
2025-07-17T22:34:42: 🔍 [CHECKER] Running global round checker at 2025-07-17T14:34:42.135Z
2025-07-17T22:34:42: 🔍 [CHECKER] No active tournaments found
2025-07-17T22:34:52: 🔍 [CHECKER] Running global round checker at 2025-07-17T14:34:52.135Z
2025-07-17T22:34:52: 🔍 [CHECKER] No active tournaments found
2025-07-17T22:35:02: 🔍 [CHECKER] Running global round checker at 2025-07-17T14:35:02.135Z
2025-07-17T22:35:02: 🔍 [CHECKER] No active tournaments found
2025-07-17T22:35:12: 🔍 [CHECKER] Running global round checker at 2025-07-17T14:35:12.135Z
2025-07-17T22:35:12: 🔍 [CHECKER] No active tournaments found
2025-07-17T22:35:22: 🔍 [CHECKER] Running global round checker at 2025-07-17T14:35:22.136Z
2025-07-17T22:35:22: 🔍 [CHECKER] No active tournaments found
2025-07-17T22:35:32: 🔍 [CHECKER] Running global round checker at 2025-07-17T14:35:32.136Z
2025-07-17T22:35:32: 🔍 [CHECKER] No active tournaments found
2025-07-17T22:35:42: 🔍 [CHECKER] Running global round checker at 2025-07-17T14:35:42.136Z
2025-07-17T22:35:42: 🔍 [CHECKER] No active tournaments found
2025-07-17T22:35:52: 🔍 [CHECKER] Running global round checker at 2025-07-17T14:35:52.136Z
2025-07-17T22:35:52: 🔍 [CHECKER] No active tournaments found
2025-07-17T22:36:02: 🔍 [CHECKER] Running global round checker at 2025-07-17T14:36:02.136Z
2025-07-17T22:36:02: 🔍 [CHECKER] No active tournaments found
2025-07-17T22:36:12: 🔍 [CHECKER] Running global round checker at 2025-07-17T14:36:12.136Z
2025-07-17T22:36:12: 🔍 [CHECKER] No active tournaments found
2025-07-17T22:36:16: 10:36:16 PM [express] GET /api/user 401 in 0ms :: {"message":"Authentication required"}
2025-07-17T22:36:22: 🔍 [CHECKER] Running global round checker at 2025-07-17T14:36:22.136Z
2025-07-17T22:36:22: 🔍 [CHECKER] No active tournaments found
2025-07-17T22:36:26: 10:36:26 PM [express] GET /api/user 401 in 0ms :: {"message":"Authentication required"}
2025-07-17T22:36:32: 🔍 [CHECKER] Running global round checker at 2025-07-17T14:36:32.136Z
2025-07-17T22:36:32: 🔍 [CHECKER] No active tournaments found
2025-07-17T22:36:36: 10:36:36 PM [express] GET /api/user 401 in 0ms :: {"message":"Authentication required"}
2025-07-17T22:36:42: 🔍 [CHECKER] Running global round checker at 2025-07-17T14:36:42.136Z
2025-07-17T22:36:42: 🔍 [CHECKER] No active tournaments found
2025-07-17T22:36:52: 🔍 [CHECKER] Running global round checker at 2025-07-17T14:36:52.136Z
2025-07-17T22:36:52: 🔍 [CHECKER] No active tournaments found
2025-07-17T22:36:53: 10:36:53 PM [express] GET /api/user 401 in 1ms :: {"message":"Authentication required"}
2025-07-17T22:36:58: 10:36:58 PM [express] GET /api/user 401 in 0ms :: {"message":"Authentication required"}
2025-07-17T22:36:58: 📊 [API] Platform stats endpoint called - fetching REAL database data
2025-07-17T22:36:58: ✅ [API] SUCCESS: Returning REAL platform stats from database: {
  totalPredictions: 0,
  totalBattles: 0,
  totalSurvivalTournaments: 0,
  totalStakedNTIQ: 0,
  totalRewardsDistributed: 0,
  activePredictions: 0,
  activeBattles: 0,
  activeSurvivalTournaments: 0,
  totalUsers: 0,
  totalTransactions: 0
}
2025-07-17T22:36:58: 10:36:58 PM [express] GET /api/platform/stats 200 in 5ms :: {"totalPredictions":0,"totalBattles":0,"t…
2025-07-17T22:36:58: ✅ Successfully fetched real crypto prices from CoinGecko
2025-07-17T22:36:58: 🔄 [SYNCHRONIZED] Applied 0.0681% variation to prices (sync time: 1752763017000)
2025-07-17T22:36:58: 🟠 [BTC] Original: $118735.00, With variation: $118815.91
2025-07-17T22:36:58: 10:36:58 PM [express] GET /api/crypto/prices 200 in 503ms :: [{"id":"polkadot","symbol":"DOT","name":…
2025-07-17T22:37:02: 🔍 [CHECKER] Running global round checker at 2025-07-17T14:37:02.136Z
2025-07-17T22:37:02: 🔍 [CHECKER] No active tournaments found
2025-07-17T22:37:10: 10:37:10 PM [express] GET /api/user 401 in 1ms :: {"message":"Authentication required"}
2025-07-17T22:37:12: 🔍 [CHECKER] Running global round checker at 2025-07-17T14:37:12.136Z
2025-07-17T22:37:12: 🔍 [CHECKER] No active tournaments found
2025-07-17T22:37:20: 10:37:20 PM [express] GET /api/user 401 in 0ms :: {"message":"Authentication required"}
2025-07-17T22:37:22: 🔍 [CHECKER] Running global round checker at 2025-07-17T14:37:22.136Z
2025-07-17T22:37:22: 🔍 [CHECKER] No active tournaments found
2025-07-17T22:37:30: 10:37:30 PM [express] GET /api/user 401 in 1ms :: {"message":"Authentication required"}
2025-07-17T22:37:32: 🔍 [CHECKER] Running global round checker at 2025-07-17T14:37:32.136Z
2025-07-17T22:37:32: 🔍 [CHECKER] No active tournaments found
2025-07-17T22:37:40: 10:37:40 PM [express] GET /api/user 401 in 0ms :: {"message":"Authentication required"}
2025-07-17T22:37:42: 🔍 [CHECKER] Running global round checker at 2025-07-17T14:37:42.136Z
2025-07-17T22:37:42: 🔍 [CHECKER] No active tournaments found
2025-07-17T22:37:52: 🔍 [CHECKER] Running global round checker at 2025-07-17T14:37:52.136Z
2025-07-17T22:37:52: 🔍 [CHECKER] No active tournaments found
2025-07-17T22:38:02: 🔍 [CHECKER] Running global round checker at 2025-07-17T14:38:02.136Z
2025-07-17T22:38:02: 🔍 [CHECKER] No active tournaments found
2025-07-17T22:38:12: 🔍 [CHECKER] Running global round checker at 2025-07-17T14:38:12.136Z
2025-07-17T22:38:12: 🔍 [CHECKER] No active tournaments found
2025-07-17T22:38:22: 🔍 [CHECKER] Running global round checker at 2025-07-17T14:38:22.136Z
2025-07-17T22:38:22: 🔄 [SCHEDULER] Starting withdrawal processing at 2025-07-17T14:38:22.136Z
2025-07-17T22:38:22: 🔄 [AUTO-WD] Starting automated withdrawal processing...
2025-07-17T22:38:22: 🔍 [CHECKER] No active tournaments found
2025-07-17T22:38:22: 🔍 [DEPOSIT-SECURITY] Running automated security checks...
2025-07-17T22:38:22: 📝 [AUTO-WD] Found 0 pending withdrawals
2025-07-17T22:38:22: ✅ [SCHEDULER] Withdrawal processing completed in 9ms
2025-07-17T22:38:22: ✅ [DEPOSIT-SECURITY] Security checks completed successfully
2025-07-17T22:38:32: 🔍 [CHECKER] Running global round checker at 2025-07-17T14:38:32.136Z
2025-07-17T22:38:32: 🔍 [CHECKER] No active tournaments found
2025-07-17T22:38:42: 🔍 [CHECKER] Running global round checker at 2025-07-17T14:38:42.136Z
2025-07-17T22:38:42: 🔍 [CHECKER] No active tournaments found
2025-07-17T22:38:52: 🔍 [CHECKER] Running global round checker at 2025-07-17T14:38:52.136Z
2025-07-17T22:38:52: 🔍 [CHECKER] No active tournaments found
2025-07-17T22:39:02: 🔍 [CHECKER] Running global round checker at 2025-07-17T14:39:02.136Z
2025-07-17T22:39:02: 🔍 [CHECKER] No active tournaments found
2025-07-17T22:39:12: 🔍 [CHECKER] Running global round checker at 2025-07-17T14:39:12.136Z
2025-07-17T22:39:12: 🔍 [CHECKER] No active tournaments found
2025-07-17T22:39:22: 🔍 [CHECKER] Running global round checker at 2025-07-17T14:39:22.136Z
2025-07-17T22:39:22: 🔍 [CHECKER] No active tournaments found
2025-07-17T22:39:32: 🔍 [CHECKER] Running global round checker at 2025-07-17T14:39:32.136Z
2025-07-17T22:39:32: 🔍 [CHECKER] No active tournaments found
2025-07-17T22:39:42: 🔍 [CHECKER] Running global round checker at 2025-07-17T14:39:42.136Z
2025-07-17T22:39:42: 🔍 [CHECKER] No active tournaments found
2025-07-17T22:39:52: 🔍 [CHECKER] Running global round checker at 2025-07-17T14:39:52.136Z
2025-07-17T22:39:52: 🔍 [CHECKER] No active tournaments found
2025-07-17T22:40:02: 🔍 [CHECKER] Running global round checker at 2025-07-17T14:40:02.136Z
2025-07-17T22:40:02: 🔍 [CHECKER] No active tournaments found
2025-07-17T22:40:12: 🔍 [CHECKER] Running global round checker at 2025-07-17T14:40:12.136Z
2025-07-17T22:40:12: 🔍 [CHECKER] No active tournaments found
2025-07-17T22:40:22: 🔍 [CHECKER] Running global round checker at 2025-07-17T14:40:22.136Z
2025-07-17T22:40:22: 🔍 [CHECKER] No active tournaments found
2025-07-17T22:40:32: 🔍 [CHECKER] Running global round checker at 2025-07-17T14:40:32.136Z
2025-07-17T22:40:32: 🔍 [CHECKER] No active tournaments found
2025-07-17T22:40:42: 🔍 [CHECKER] Running global round checker at 2025-07-17T14:40:42.136Z
2025-07-17T22:40:42: 🔍 [CHECKER] No active tournaments found
2025-07-17T22:40:52: 🔍 [CHECKER] Running global round checker at 2025-07-17T14:40:52.136Z
2025-07-17T22:40:52: 🔍 [CHECKER] No active tournaments found
2025-07-17T22:41:02: 🔍 [CHECKER] Running global round checker at 2025-07-17T14:41:02.136Z
2025-07-17T22:41:02: 🔍 [CHECKER] No active tournaments found
2025-07-17T22:41:12: 🔍 [CHECKER] Running global round checker at 2025-07-17T14:41:12.136Z
2025-07-17T22:41:12: 🔍 [CHECKER] No active tournaments found
2025-07-17T22:41:22: 🔍 [CHECKER] Running global round checker at 2025-07-17T14:41:22.136Z
2025-07-17T22:41:22: 🔍 [CHECKER] No active tournaments found
2025-07-17T22:41:32: 🔍 [CHECKER] Running global round checker at 2025-07-17T14:41:32.136Z
2025-07-17T22:41:32: 🔍 [CHECKER] No active tournaments found
2025-07-17T22:41:42: 🔍 [CHECKER] Running global round checker at 2025-07-17T14:41:42.137Z
2025-07-17T22:41:42: 🔍 [CHECKER] No active tournaments found
2025-07-17T22:41:52: 🔍 [CHECKER] Running global round checker at 2025-07-17T14:41:52.137Z
2025-07-17T22:41:52: 🔍 [CHECKER] No active tournaments found
2025-07-17T22:42:02: 🔍 [CHECKER] Running global round checker at 2025-07-17T14:42:02.137Z
2025-07-17T22:42:02: 🔍 [CHECKER] No active tournaments found
2025-07-17T22:42:12: 🔍 [CHECKER] Running global round checker at 2025-07-17T14:42:12.137Z
2025-07-17T22:42:12: 🔍 [CHECKER] No active tournaments found
2025-07-17T22:42:22: 🔍 [CHECKER] Running global round checker at 2025-07-17T14:42:22.137Z
2025-07-17T22:42:22: 🔍 [CHECKER] No active tournaments found
2025-07-17T22:42:32: 🔍 [CHECKER] Running global round checker at 2025-07-17T14:42:32.138Z
2025-07-17T22:42:32: 🔍 [CHECKER] No active tournaments found
2025-07-17T22:42:42: 🔍 [CHECKER] Running global round checker at 2025-07-17T14:42:42.138Z
2025-07-17T22:42:42: 🔍 [CHECKER] No active tournaments found
2025-07-17T22:42:52: 🔍 [CHECKER] Running global round checker at 2025-07-17T14:42:52.138Z
2025-07-17T22:42:52: 🔍 [CHECKER] No active tournaments found
2025-07-17T22:43:02: 🔍 [CHECKER] Running global round checker at 2025-07-17T14:43:02.139Z
2025-07-17T22:43:02: 🔍 [CHECKER] No active tournaments found
2025-07-17T22:43:12: 🔍 [CHECKER] Running global round checker at 2025-07-17T14:43:12.139Z
2025-07-17T22:43:12: 🔍 [CHECKER] No active tournaments found
2025-07-17T22:43:20: 10:43:20 PM [express] GET /api/user 401 in 1ms :: {"message":"Authentication required"}
2025-07-17T22:43:22: 🔄 [SCHEDULER] Starting withdrawal processing at 2025-07-17T14:43:22.136Z
2025-07-17T22:43:22: 🔄 [AUTO-WD] Starting automated withdrawal processing...
2025-07-17T22:43:22: 📝 [AUTO-WD] Found 0 pending withdrawals
2025-07-17T22:43:22: ✅ [SCHEDULER] Withdrawal processing completed in 1ms
2025-07-17T22:43:22: 🔍 [CHECKER] Running global round checker at 2025-07-17T14:43:22.139Z
2025-07-17T22:43:22: 🔍 [CHECKER] No active tournaments found
2025-07-17T22:43:22: 📊 [API] Platform stats endpoint called - fetching REAL database data
2025-07-17T22:43:22: ✅ [API] SUCCESS: Returning REAL platform stats from database: {
  totalPredictions: 0,
  totalBattles: 0,
  totalSurvivalTournaments: 0,
  totalStakedNTIQ: 0,
  totalRewardsDistributed: 0,
  activePredictions: 0,
  activeBattles: 0,
  activeSurvivalTournaments: 0,
  totalUsers: 0,
  totalTransactions: 0
}
2025-07-17T22:43:22: 10:43:22 PM [express] GET /api/platform/stats 200 in 4ms :: {"totalPredictions":0,"totalBattles":0,"t…
2025-07-17T22:43:23: ✅ Successfully fetched real crypto prices from CoinGecko
2025-07-17T22:43:23: 🔄 [SYNCHRONIZED] Applied -0.1077% variation to prices (sync time: 1752763401000)
2025-07-17T22:43:23: 🟠 [BTC] Original: $118687.00, With variation: $118559.21
2025-07-17T22:43:23: 10:43:23 PM [express] GET /api/crypto/prices 200 in 721ms :: [{"id":"polkadot","symbol":"DOT","name":…
2025-07-17T22:43:25: 🔄 [SYNCHRONIZED] Applied -0.0113% variation to prices (sync time: 1752763404000)
2025-07-17T22:43:25: 🟠 [BTC] Original: $118687.00, With variation: $118673.60
2025-07-17T22:43:25: 10:43:25 PM [express] GET /api/crypto/prices 200 in 6ms :: [{"id":"polkadot","symbol":"DOT","name":"P…
2025-07-17T22:43:25: 📊 [API] Platform stats endpoint called - fetching REAL database data
2025-07-17T22:43:25: ✅ [API] SUCCESS: Returning REAL platform stats from database: {
  totalPredictions: 0,
  totalBattles: 0,
  totalSurvivalTournaments: 0,
  totalStakedNTIQ: 0,
  totalRewardsDistributed: 0,
  activePredictions: 0,
  activeBattles: 0,
  activeSurvivalTournaments: 0,
  totalUsers: 0,
  totalTransactions: 0
}
2025-07-17T22:43:25: 10:43:25 PM [express] GET /api/platform/stats 200 in 4ms :: {"totalPredictions":0,"totalBattles":0,"t…
2025-07-17T22:43:27: 🔄 [SYNCHRONIZED] Applied 0.2530% variation to prices (sync time: 1752763407000)
2025-07-17T22:43:27: 🟠 [BTC] Original: $118687.00, With variation: $118987.31
2025-07-17T22:43:27: 10:43:27 PM [express] GET /api/crypto/prices 200 in 5ms :: [{"id":"polkadot","symbol":"DOT","name":"P…
2025-07-17T22:43:28: 📊 [API] Platform stats endpoint called - fetching REAL database data
2025-07-17T22:43:28: ✅ [API] SUCCESS: Returning REAL platform stats from database: {
  totalPredictions: 0,
  totalBattles: 0,
  totalSurvivalTournaments: 0,
  totalStakedNTIQ: 0,
  totalRewardsDistributed: 0,
  activePredictions: 0,
  activeBattles: 0,
  activeSurvivalTournaments: 0,
  totalUsers: 0,
  totalTransactions: 0
}
2025-07-17T22:43:28: 10:43:28 PM [express] GET /api/platform/stats 200 in 5ms :: {"totalPredictions":0,"totalBattles":0,"t…
2025-07-17T22:43:29: 10:43:29 PM [express] GET /api/user 401 in 1ms :: {"message":"Authentication required"}
2025-07-17T22:43:32: 🔍 [CHECKER] Running global round checker at 2025-07-17T14:43:32.139Z
2025-07-17T22:43:32: 🔍 [CHECKER] No active tournaments found
2025-07-17T22:43:42: 🔍 [CHECKER] Running global round checker at 2025-07-17T14:43:42.139Z
2025-07-17T22:43:42: 🔍 [CHECKER] No active tournaments found
2025-07-17T22:43:52: 🔍 [CHECKER] Running global round checker at 2025-07-17T14:43:52.139Z
2025-07-17T22:43:52: 🔍 [CHECKER] No active tournaments found
2025-07-17T22:44:02: 🔍 [CHECKER] Running global round checker at 2025-07-17T14:44:02.139Z
2025-07-17T22:44:02: 🔍 [CHECKER] No active tournaments found
2025-07-17T22:44:12: 🔍 [CHECKER] Running global round checker at 2025-07-17T14:44:12.139Z
2025-07-17T22:44:12: 🔍 [CHECKER] No active tournaments found
2025-07-17T22:44:19: 10:44:19 PM [express] GET /api/user 401 in 1ms :: {"message":"Authentication required"}
2025-07-17T22:44:21: 10:44:21 PM [express] GET /api/user 401 in 1ms :: {"message":"Authentication required"}
2025-07-17T22:44:22: 🔍 [CHECKER] Running global round checker at 2025-07-17T14:44:22.139Z
2025-07-17T22:44:22: 🔍 [CHECKER] No active tournaments found
2025-07-17T22:44:31: 10:44:31 PM [express] GET /api/user 401 in 1ms :: {"message":"Authentication required"}
2025-07-17T22:44:32: 🔍 [CHECKER] Running global round checker at 2025-07-17T14:44:32.139Z
2025-07-17T22:44:32: 🔍 [CHECKER] No active tournaments found
2025-07-17T22:44:41: 10:44:41 PM [express] GET /api/user 401 in 0ms :: {"message":"Authentication required"}
2025-07-17T22:44:42: 🔍 [CHECKER] Running global round checker at 2025-07-17T14:44:42.139Z
2025-07-17T22:44:42: 🔍 [CHECKER] No active tournaments found
2025-07-17T22:44:51: 10:44:51 PM [express] GET /api/user 401 in 0ms :: {"message":"Authentication required"}
2025-07-17T22:44:52: 🔍 [CHECKER] Running global round checker at 2025-07-17T14:44:52.139Z
2025-07-17T22:44:52: 🔍 [CHECKER] No active tournaments found
2025-07-17T22:45:01: 10:45:01 PM [express] GET /api/user 401 in 0ms :: {"message":"Authentication required"}
2025-07-17T22:45:02: 🔍 [CHECKER] Running global round checker at 2025-07-17T14:45:02.139Z
2025-07-17T22:45:02: 🔍 [CHECKER] No active tournaments found
2025-07-17T22:45:12: 🔍 [CHECKER] Running global round checker at 2025-07-17T14:45:12.139Z
2025-07-17T22:45:12: 🔍 [CHECKER] No active tournaments found
2025-07-17T22:45:22: 🔍 [CHECKER] Running global round checker at 2025-07-17T14:45:22.139Z
2025-07-17T22:45:22: 🔍 [CHECKER] No active tournaments found
2025-07-17T22:45:32: 🔍 [CHECKER] Running global round checker at 2025-07-17T14:45:32.139Z
2025-07-17T22:45:32: 🔍 [CHECKER] No active tournaments found
2025-07-17T22:45:42: 🔍 [CHECKER] Running global round checker at 2025-07-17T14:45:42.139Z
2025-07-17T22:45:42: 🔍 [CHECKER] No active tournaments found
2025-07-17T22:45:52: 🔍 [CHECKER] Running global round checker at 2025-07-17T14:45:52.140Z
2025-07-17T22:45:52: 🔍 [CHECKER] No active tournaments found
2025-07-17T22:46:02: 🔍 [CHECKER] Running global round checker at 2025-07-17T14:46:02.140Z
2025-07-17T22:46:02: 🔍 [CHECKER] No active tournaments found
2025-07-17T22:46:12: 🔍 [CHECKER] Running global round checker at 2025-07-17T14:46:12.140Z
2025-07-17T22:46:12: 🔍 [CHECKER] No active tournaments found
2025-07-17T22:46:22: 🔍 [CHECKER] Running global round checker at 2025-07-17T14:46:22.140Z
2025-07-17T22:46:22: 🔍 [CHECKER] No active tournaments found
2025-07-17T22:46:32: 🔍 [CHECKER] Running global round checker at 2025-07-17T14:46:32.140Z
2025-07-17T22:46:32: 🔍 [CHECKER] No active tournaments found
2025-07-17T22:46:42: 🔍 [CHECKER] Running global round checker at 2025-07-17T14:46:42.140Z
2025-07-17T22:46:42: 🔍 [CHECKER] No active tournaments found
2025-07-17T22:46:52: 🔍 [CHECKER] Running global round checker at 2025-07-17T14:46:52.140Z
2025-07-17T22:46:52: 🔍 [CHECKER] No active tournaments found
2025-07-17T22:47:02: 🔍 [CHECKER] Running global round checker at 2025-07-17T14:47:02.140Z
2025-07-17T22:47:02: 🔍 [CHECKER] No active tournaments found
2025-07-17T22:47:12: 🔍 [CHECKER] Running global round checker at 2025-07-17T14:47:12.140Z
2025-07-17T22:47:12: 🔍 [CHECKER] No active tournaments found
2025-07-17T22:47:22: 🔍 [CHECKER] Running global round checker at 2025-07-17T14:47:22.140Z
2025-07-17T22:47:22: 🔍 [CHECKER] No active tournaments found
2025-07-17T22:47:32: 🔍 [CHECKER] Running global round checker at 2025-07-17T14:47:32.140Z
2025-07-17T22:47:32: 🔍 [CHECKER] No active tournaments found
2025-07-17T22:47:42: 🔍 [CHECKER] Running global round checker at 2025-07-17T14:47:42.140Z
2025-07-17T22:47:42: 🔍 [CHECKER] No active tournaments found
2025-07-17T22:47:52: 🔍 [CHECKER] Running global round checker at 2025-07-17T14:47:52.140Z
2025-07-17T22:47:52: 🔍 [CHECKER] No active tournaments found
2025-07-17T22:48:02: 🔍 [CHECKER] Running global round checker at 2025-07-17T14:48:02.140Z
2025-07-17T22:48:02: 🔍 [CHECKER] No active tournaments found
2025-07-17T22:48:12: 🔍 [CHECKER] Running global round checker at 2025-07-17T14:48:12.140Z
2025-07-17T22:48:12: 🔍 [CHECKER] No active tournaments found
2025-07-17T22:48:22: 🔄 [SCHEDULER] Starting withdrawal processing at 2025-07-17T14:48:22.136Z
2025-07-17T22:48:22: 🔄 [AUTO-WD] Starting automated withdrawal processing...
2025-07-17T22:48:22: 📝 [AUTO-WD] Found 0 pending withdrawals
2025-07-17T22:48:22: ✅ [SCHEDULER] Withdrawal processing completed in 2ms
2025-07-17T22:48:22: 🔍 [CHECKER] Running global round checker at 2025-07-17T14:48:22.140Z
2025-07-17T22:48:22: 🔍 [CHECKER] No active tournaments found
2025-07-17T22:48:22: 🔍 [DEPOSIT-SECURITY] Running automated security checks...
2025-07-17T22:48:22: ✅ [DEPOSIT-SECURITY] Security checks completed successfully
2025-07-17T22:48:32: 🔍 [CHECKER] Running global round checker at 2025-07-17T14:48:32.140Z
2025-07-17T22:48:32: 🔍 [CHECKER] No active tournaments found
2025-07-17T22:48:42: 🔍 [CHECKER] Running global round checker at 2025-07-17T14:48:42.140Z
2025-07-17T22:48:42: 🔍 [CHECKER] No active tournaments found
2025-07-17T22:48:52: 🔍 [CHECKER] Running global round checker at 2025-07-17T14:48:52.140Z
2025-07-17T22:48:52: 🔍 [CHECKER] No active tournaments found
2025-07-17T22:49:02: 🔍 [CHECKER] Running global round checker at 2025-07-17T14:49:02.141Z
2025-07-17T22:49:02: 🔍 [CHECKER] No active tournaments found
2025-07-17T22:49:12: 🔍 [CHECKER] Running global round checker at 2025-07-17T14:49:12.141Z
2025-07-17T22:49:12: 🔍 [CHECKER] No active tournaments found
2025-07-17T22:49:22: 🔍 [CHECKER] Running global round checker at 2025-07-17T14:49:22.141Z
2025-07-17T22:49:22: 🔍 [CHECKER] No active tournaments found
2025-07-17T22:49:32: 🔍 [CHECKER] Running global round checker at 2025-07-17T14:49:32.141Z
2025-07-17T22:49:32: 🔍 [CHECKER] No active tournaments found
2025-07-17T22:49:42: 🔍 [CHECKER] Running global round checker at 2025-07-17T14:49:42.141Z
2025-07-17T22:49:42: 🔍 [CHECKER] No active tournaments found
2025-07-17T22:49:52: 🔍 [CHECKER] Running global round checker at 2025-07-17T14:49:52.142Z
2025-07-17T22:49:52: 🔍 [CHECKER] No active tournaments found
2025-07-17T22:50:02: 🔍 [CHECKER] Running global round checker at 2025-07-17T14:50:02.142Z
2025-07-17T22:50:02: 🔍 [CHECKER] No active tournaments found
2025-07-17T22:50:12: 🔍 [CHECKER] Running global round checker at 2025-07-17T14:50:12.142Z
2025-07-17T22:50:12: 🔍 [CHECKER] No active tournaments found
2025-07-17T22:50:22: 🔍 [CHECKER] Running global round checker at 2025-07-17T14:50:22.142Z
2025-07-17T22:50:22: 🔍 [CHECKER] No active tournaments found
2025-07-17T22:50:32: 🔍 [CHECKER] Running global round checker at 2025-07-17T14:50:32.142Z
2025-07-17T22:50:32: 🔍 [CHECKER] No active tournaments found
2025-07-17T22:50:42: 🔍 [CHECKER] Running global round checker at 2025-07-17T14:50:42.142Z
2025-07-17T22:50:42: 🔍 [CHECKER] No active tournaments found
2025-07-17T22:50:52: 🔍 [CHECKER] Running global round checker at 2025-07-17T14:50:52.142Z
2025-07-17T22:50:52: 🔍 [CHECKER] No active tournaments found
2025-07-17T22:51:02: 🔍 [CHECKER] Running global round checker at 2025-07-17T14:51:02.143Z
2025-07-17T22:51:02: 🔍 [CHECKER] No active tournaments found
2025-07-17T22:51:12: 🔍 [CHECKER] Running global round checker at 2025-07-17T14:51:12.144Z
2025-07-17T22:51:12: 🔍 [CHECKER] No active tournaments found
2025-07-17T22:51:22: 🔍 [CHECKER] Running global round checker at 2025-07-17T14:51:22.145Z
2025-07-17T22:51:22: 🔍 [CHECKER] No active tournaments found
2025-07-17T22:51:32: 🔍 [CHECKER] Running global round checker at 2025-07-17T14:51:32.145Z
2025-07-17T22:51:32: 🔍 [CHECKER] No active tournaments found
2025-07-17T22:51:42: 🔍 [CHECKER] Running global round checker at 2025-07-17T14:51:42.145Z
2025-07-17T22:51:42: 🔍 [CHECKER] No active tournaments found
2025-07-17T22:51:52: 🔍 [CHECKER] Running global round checker at 2025-07-17T14:51:52.145Z
2025-07-17T22:51:52: 🔍 [CHECKER] No active tournaments found
2025-07-17T22:52:02: 🔍 [CHECKER] Running global round checker at 2025-07-17T14:52:02.145Z
2025-07-17T22:52:02: 🔍 [CHECKER] No active tournaments found
2025-07-17T22:52:12: 🔍 [CHECKER] Running global round checker at 2025-07-17T14:52:12.145Z
2025-07-17T22:52:12: 🔍 [CHECKER] No active tournaments found
2025-07-17T22:52:22: 🔍 [CHECKER] Running global round checker at 2025-07-17T14:52:22.145Z
2025-07-17T22:52:22: 🔍 [CHECKER] No active tournaments found
2025-07-17T22:52:32: 🔍 [CHECKER] Running global round checker at 2025-07-17T14:52:32.145Z
2025-07-17T22:52:32: 🔍 [CHECKER] No active tournaments found
2025-07-17T22:52:42: 🔍 [CHECKER] Running global round checker at 2025-07-17T14:52:42.145Z
2025-07-17T22:52:42: 🔍 [CHECKER] No active tournaments found
2025-07-17T22:52:52: 🔍 [CHECKER] Running global round checker at 2025-07-17T14:52:52.145Z
2025-07-17T22:52:52: 🔍 [CHECKER] No active tournaments found
2025-07-17T22:53:02: 🔍 [CHECKER] Running global round checker at 2025-07-17T14:53:02.145Z
2025-07-17T22:53:02: 🔍 [CHECKER] No active tournaments found
2025-07-17T22:53:12: 🔍 [CHECKER] Running global round checker at 2025-07-17T14:53:12.146Z
2025-07-17T22:53:12: 🔍 [CHECKER] No active tournaments found
2025-07-17T22:53:22: 🔄 [SCHEDULER] Starting withdrawal processing at 2025-07-17T14:53:22.136Z
2025-07-17T22:53:22: 🔄 [AUTO-WD] Starting automated withdrawal processing...
2025-07-17T22:53:22: 📝 [AUTO-WD] Found 0 pending withdrawals
2025-07-17T22:53:22: ✅ [SCHEDULER] Withdrawal processing completed in 2ms
2025-07-17T22:53:22: 🔍 [CHECKER] Running global round checker at 2025-07-17T14:53:22.146Z
2025-07-17T22:53:22: 🔍 [CHECKER] No active tournaments found
2025-07-17T22:53:32: 🔍 [CHECKER] Running global round checker at 2025-07-17T14:53:32.146Z
2025-07-17T22:53:32: 🔍 [CHECKER] No active tournaments found
2025-07-17T22:53:42: 🔍 [CHECKER] Running global round checker at 2025-07-17T14:53:42.146Z
2025-07-17T22:53:42: 🔍 [CHECKER] No active tournaments found
2025-07-17T22:53:52: 🔍 [CHECKER] Running global round checker at 2025-07-17T14:53:52.146Z
2025-07-17T22:53:52: 🔍 [CHECKER] No active tournaments found
2025-07-17T22:54:02: 🔍 [CHECKER] Running global round checker at 2025-07-17T14:54:02.146Z
2025-07-17T22:54:02: 🔍 [CHECKER] No active tournaments found
2025-07-17T22:54:12: 🔍 [CHECKER] Running global round checker at 2025-07-17T14:54:12.146Z
2025-07-17T22:54:12: 🔍 [CHECKER] No active tournaments found
2025-07-17T22:54:22: 🔍 [CHECKER] Running global round checker at 2025-07-17T14:54:22.146Z
2025-07-17T22:54:22: 🔍 [CHECKER] No active tournaments found
2025-07-17T22:54:32: 🔍 [CHECKER] Running global round checker at 2025-07-17T14:54:32.146Z
2025-07-17T22:54:32: 🔍 [CHECKER] No active tournaments found
2025-07-17T22:54:42: 🔍 [CHECKER] Running global round checker at 2025-07-17T14:54:42.146Z
2025-07-17T22:54:42: 🔍 [CHECKER] No active tournaments found
2025-07-17T22:54:52: 🔍 [CHECKER] Running global round checker at 2025-07-17T14:54:52.146Z
2025-07-17T22:54:52: 🔍 [CHECKER] No active tournaments found
2025-07-17T22:55:02: 🔍 [CHECKER] Running global round checker at 2025-07-17T14:55:02.146Z
2025-07-17T22:55:02: 🔍 [CHECKER] No active tournaments found
2025-07-17T22:55:12: 🔍 [CHECKER] Running global round checker at 2025-07-17T14:55:12.146Z
2025-07-17T22:55:12: 🔍 [CHECKER] No active tournaments found
2025-07-17T22:55:22: 🔍 [CHECKER] Running global round checker at 2025-07-17T14:55:22.146Z
2025-07-17T22:55:22: 🔍 [CHECKER] No active tournaments found
2025-07-17T22:55:32: 🔍 [CHECKER] Running global round checker at 2025-07-17T14:55:32.146Z
2025-07-17T22:55:32: 🔍 [CHECKER] No active tournaments found
2025-07-17T22:55:42: 🔍 [CHECKER] Running global round checker at 2025-07-17T14:55:42.146Z
2025-07-17T22:55:42: 🔍 [CHECKER] No active tournaments found
2025-07-17T22:55:52: 🔍 [CHECKER] Running global round checker at 2025-07-17T14:55:52.146Z
2025-07-17T22:55:52: 🔍 [CHECKER] No active tournaments found
2025-07-17T22:56:02: 🔍 [CHECKER] Running global round checker at 2025-07-17T14:56:02.146Z
2025-07-17T22:56:02: 🔍 [CHECKER] No active tournaments found
2025-07-17T22:56:12: 🔍 [CHECKER] Running global round checker at 2025-07-17T14:56:12.146Z
2025-07-17T22:56:12: 🔍 [CHECKER] No active tournaments found
2025-07-17T22:56:22: 🔍 [CHECKER] Running global round checker at 2025-07-17T14:56:22.146Z
2025-07-17T22:56:22: 🔍 [CHECKER] No active tournaments found
2025-07-17T22:56:32: 🔍 [CHECKER] Running global round checker at 2025-07-17T14:56:32.146Z
2025-07-17T22:56:32: 🔍 [CHECKER] No active tournaments found
2025-07-17T22:56:42: 🔍 [CHECKER] Running global round checker at 2025-07-17T14:56:42.146Z
2025-07-17T22:56:42: 🔍 [CHECKER] No active tournaments found
2025-07-17T22:56:52: 🔍 [CHECKER] Running global round checker at 2025-07-17T14:56:52.146Z
2025-07-17T22:56:52: 🔍 [CHECKER] No active tournaments found
2025-07-17T22:57:02: 🔍 [CHECKER] Running global round checker at 2025-07-17T14:57:02.146Z
2025-07-17T22:57:02: 🔍 [CHECKER] No active tournaments found
2025-07-17T22:57:12: 🔍 [CHECKER] Running global round checker at 2025-07-17T14:57:12.146Z
2025-07-17T22:57:12: 🔍 [CHECKER] No active tournaments found
2025-07-17T22:57:22: 🔍 [CHECKER] Running global round checker at 2025-07-17T14:57:22.146Z
2025-07-17T22:57:22: 🔍 [CHECKER] No active tournaments found
2025-07-17T22:57:32: 🔍 [CHECKER] Running global round checker at 2025-07-17T14:57:32.146Z
2025-07-17T22:57:32: 🔍 [CHECKER] No active tournaments found
2025-07-17T22:57:42: 🔍 [CHECKER] Running global round checker at 2025-07-17T14:57:42.146Z
2025-07-17T22:57:42: 🔍 [CHECKER] No active tournaments found
2025-07-17T22:57:52: 🔍 [CHECKER] Running global round checker at 2025-07-17T14:57:52.146Z
2025-07-17T22:57:52: 🔍 [CHECKER] No active tournaments found
2025-07-17T22:57:59: 10:57:59 PM [express] GET /api/user 401 in 0ms :: {"message":"Authentication required"}
2025-07-17T22:58:02: 🔍 [CHECKER] Running global round checker at 2025-07-17T14:58:02.146Z
2025-07-17T22:58:02: 🔍 [CHECKER] No active tournaments found
2025-07-17T22:58:12: 🔍 [CHECKER] Running global round checker at 2025-07-17T14:58:12.146Z
2025-07-17T22:58:12: 🔍 [CHECKER] No active tournaments found
2025-07-17T22:58:22: 🔄 [SCHEDULER] Starting withdrawal processing at 2025-07-17T14:58:22.136Z
2025-07-17T22:58:22: 🔄 [AUTO-WD] Starting automated withdrawal processing...
2025-07-17T22:58:22: 📝 [AUTO-WD] Found 0 pending withdrawals
2025-07-17T22:58:22: ✅ [SCHEDULER] Withdrawal processing completed in 1ms
2025-07-17T22:58:22: 🔍 [DEPOSIT-SECURITY] Running automated security checks...
2025-07-17T22:58:22: 🔍 [CHECKER] Running global round checker at 2025-07-17T14:58:22.146Z
2025-07-17T22:58:22: 🔍 [CHECKER] No active tournaments found
2025-07-17T22:58:22: ✅ [DEPOSIT-SECURITY] Security checks completed successfully
2025-07-17T22:58:32: 🔍 [CHECKER] Running global round checker at 2025-07-17T14:58:32.146Z
2025-07-17T22:58:32: 🔍 [CHECKER] No active tournaments found
2025-07-17T22:58:42: 🔍 [CHECKER] Running global round checker at 2025-07-17T14:58:42.146Z
2025-07-17T22:58:42: 🔍 [CHECKER] No active tournaments found
2025-07-17T22:58:52: 🔍 [CHECKER] Running global round checker at 2025-07-17T14:58:52.146Z
2025-07-17T22:58:52: 🔍 [CHECKER] No active tournaments found
2025-07-17T22:59:02: 🔍 [CHECKER] Running global round checker at 2025-07-17T14:59:02.146Z
2025-07-17T22:59:02: 🔍 [CHECKER] No active tournaments found
2025-07-17T22:59:12: 🔍 [CHECKER] Running global round checker at 2025-07-17T14:59:12.146Z
2025-07-17T22:59:12: 🔍 [CHECKER] No active tournaments found
2025-07-17T22:59:22: 🔍 [CHECKER] Running global round checker at 2025-07-17T14:59:22.146Z
2025-07-17T22:59:22: 🔍 [CHECKER] No active tournaments found
2025-07-17T22:59:32: 🔍 [CHECKER] Running global round checker at 2025-07-17T14:59:32.146Z
2025-07-17T22:59:32: 🔍 [CHECKER] No active tournaments found
2025-07-17T22:59:42: 🔍 [CHECKER] Running global round checker at 2025-07-17T14:59:42.146Z
2025-07-17T22:59:42: 🔍 [CHECKER] No active tournaments found
2025-07-17T22:59:52: 🔍 [CHECKER] Running global round checker at 2025-07-17T14:59:52.148Z
2025-07-17T22:59:52: 🔍 [CHECKER] No active tournaments found
2025-07-17T23:00:02: 🔍 [CHECKER] Running global round checker at 2025-07-17T15:00:02.148Z
2025-07-17T23:00:02: 🔍 [CHECKER] No active tournaments found
2025-07-17T23:00:12: 🔍 [CHECKER] Running global round checker at 2025-07-17T15:00:12.148Z
2025-07-17T23:00:12: 🔍 [CHECKER] No active tournaments found
2025-07-17T23:00:22: 🔍 [CHECKER] Running global round checker at 2025-07-17T15:00:22.148Z
2025-07-17T23:00:22: 🔍 [CHECKER] No active tournaments found
2025-07-17T23:00:32: 🔍 [CHECKER] Running global round checker at 2025-07-17T15:00:32.148Z
2025-07-17T23:00:32: 🔍 [CHECKER] No active tournaments found
2025-07-17T23:00:42: 🔍 [CHECKER] Running global round checker at 2025-07-17T15:00:42.148Z
2025-07-17T23:00:42: 🔍 [CHECKER] No active tournaments found
2025-07-17T23:00:52: 🔍 [CHECKER] Running global round checker at 2025-07-17T15:00:52.148Z
2025-07-17T23:00:52: 🔍 [CHECKER] No active tournaments found
2025-07-17T23:01:02: 🔍 [CHECKER] Running global round checker at 2025-07-17T15:01:02.149Z
2025-07-17T23:01:02: 🔍 [CHECKER] No active tournaments found
2025-07-17T23:01:12: 🔍 [CHECKER] Running global round checker at 2025-07-17T15:01:12.149Z
2025-07-17T23:01:12: 🔍 [CHECKER] No active tournaments found
2025-07-17T23:01:22: 🔍 [CHECKER] Running global round checker at 2025-07-17T15:01:22.149Z
2025-07-17T23:01:22: 🔍 [CHECKER] No active tournaments found
2025-07-17T23:01:32: 🔍 [CHECKER] Running global round checker at 2025-07-17T15:01:32.149Z
2025-07-17T23:01:32: 🔍 [CHECKER] No active tournaments found
2025-07-17T23:01:42: 🔍 [CHECKER] Running global round checker at 2025-07-17T15:01:42.149Z
2025-07-17T23:01:42: 🔍 [CHECKER] No active tournaments found
2025-07-17T23:01:52: 🔍 [CHECKER] Running global round checker at 2025-07-17T15:01:52.149Z
2025-07-17T23:01:52: 🔍 [CHECKER] No active tournaments found
2025-07-17T23:02:02: 🔍 [CHECKER] Running global round checker at 2025-07-17T15:02:02.149Z
2025-07-17T23:02:02: 🔍 [CHECKER] No active tournaments found
2025-07-17T23:02:12: 🔍 [CHECKER] Running global round checker at 2025-07-17T15:02:12.149Z
2025-07-17T23:02:12: 🔍 [CHECKER] No active tournaments found
2025-07-17T23:02:22: 🔍 [CHECKER] Running global round checker at 2025-07-17T15:02:22.150Z
2025-07-17T23:02:22: 🔍 [CHECKER] No active tournaments found
2025-07-17T23:02:32: 🔍 [CHECKER] Running global round checker at 2025-07-17T15:02:32.151Z
2025-07-17T23:02:32: 🔍 [CHECKER] No active tournaments found
2025-07-17T23:02:42: 🔍 [CHECKER] Running global round checker at 2025-07-17T15:02:42.151Z
2025-07-17T23:02:42: 🔍 [CHECKER] No active tournaments found
2025-07-17T23:02:52: 🔍 [CHECKER] Running global round checker at 2025-07-17T15:02:52.151Z
2025-07-17T23:02:52: 🔍 [CHECKER] No active tournaments found
2025-07-17T23:03:02: 🔍 [CHECKER] Running global round checker at 2025-07-17T15:03:02.151Z
2025-07-17T23:03:02: 🔍 [CHECKER] No active tournaments found
2025-07-17T23:03:12: 🔍 [CHECKER] Running global round checker at 2025-07-17T15:03:12.152Z
2025-07-17T23:03:12: 🔍 [CHECKER] No active tournaments found
2025-07-17T23:03:22: 🔄 [SCHEDULER] Starting withdrawal processing at 2025-07-17T15:03:22.136Z
2025-07-17T23:03:22: 🔄 [AUTO-WD] Starting automated withdrawal processing...
2025-07-17T23:03:22: 📝 [AUTO-WD] Found 0 pending withdrawals
2025-07-17T23:03:22: ✅ [SCHEDULER] Withdrawal processing completed in 2ms
2025-07-17T23:03:22: 🔍 [CHECKER] Running global round checker at 2025-07-17T15:03:22.152Z
2025-07-17T23:03:22: 🔍 [CHECKER] No active tournaments found
2025-07-17T23:03:32: 🔍 [CHECKER] Running global round checker at 2025-07-17T15:03:32.152Z
2025-07-17T23:03:32: 🔍 [CHECKER] No active tournaments found
2025-07-17T23:03:42: 🔍 [CHECKER] Running global round checker at 2025-07-17T15:03:42.152Z
2025-07-17T23:03:42: 🔍 [CHECKER] No active tournaments found
2025-07-17T23:03:52: 🔍 [CHECKER] Running global round checker at 2025-07-17T15:03:52.152Z
2025-07-17T23:03:52: 🔍 [CHECKER] No active tournaments found
2025-07-17T23:04:02: 🔍 [CHECKER] Running global round checker at 2025-07-17T15:04:02.152Z
2025-07-17T23:04:02: 🔍 [CHECKER] No active tournaments found
2025-07-17T23:04:12: 🔍 [CHECKER] Running global round checker at 2025-07-17T15:04:12.151Z
2025-07-17T23:04:12: 🔍 [CHECKER] No active tournaments found
2025-07-17T23:04:22: 🔍 [CHECKER] Running global round checker at 2025-07-17T15:04:22.152Z
2025-07-17T23:04:22: 🔍 [CHECKER] No active tournaments found
2025-07-17T23:04:32: 🔍 [CHECKER] Running global round checker at 2025-07-17T15:04:32.152Z
2025-07-17T23:04:32: 🔍 [CHECKER] No active tournaments found
2025-07-17T23:04:42: 🔍 [CHECKER] Running global round checker at 2025-07-17T15:04:42.152Z
2025-07-17T23:04:42: 🔍 [CHECKER] No active tournaments found
2025-07-17T23:04:52: 🔍 [CHECKER] Running global round checker at 2025-07-17T15:04:52.152Z
2025-07-17T23:04:52: 🔍 [CHECKER] No active tournaments found
2025-07-17T23:05:02: 🔍 [CHECKER] Running global round checker at 2025-07-17T15:05:02.152Z
2025-07-17T23:05:02: 🔍 [CHECKER] No active tournaments found
2025-07-17T23:05:12: 🔍 [CHECKER] Running global round checker at 2025-07-17T15:05:12.152Z
2025-07-17T23:05:12: 🔍 [CHECKER] No active tournaments found
2025-07-17T23:05:22: 🔍 [CHECKER] Running global round checker at 2025-07-17T15:05:22.152Z
2025-07-17T23:05:22: 🔍 [CHECKER] No active tournaments found
2025-07-17T23:05:32: 🔍 [CHECKER] Running global round checker at 2025-07-17T15:05:32.152Z
2025-07-17T23:05:32: 🔍 [CHECKER] No active tournaments found
2025-07-17T23:05:42: 🔍 [CHECKER] Running global round checker at 2025-07-17T15:05:42.152Z
2025-07-17T23:05:42: 🔍 [CHECKER] No active tournaments found
2025-07-17T23:05:52: 🔍 [CHECKER] Running global round checker at 2025-07-17T15:05:52.152Z
2025-07-17T23:05:52: 🔍 [CHECKER] No active tournaments found
2025-07-17T23:06:02: 🔍 [CHECKER] Running global round checker at 2025-07-17T15:06:02.153Z
2025-07-17T23:06:02: 🔍 [CHECKER] No active tournaments found
2025-07-17T23:06:12: 🔍 [CHECKER] Running global round checker at 2025-07-17T15:06:12.153Z
2025-07-17T23:06:12: 🔍 [CHECKER] No active tournaments found
2025-07-17T23:06:22: 🔍 [CHECKER] Running global round checker at 2025-07-17T15:06:22.153Z
2025-07-17T23:06:22: 🔍 [CHECKER] No active tournaments found
2025-07-17T23:06:32: 🔍 [CHECKER] Running global round checker at 2025-07-17T15:06:32.153Z
2025-07-17T23:06:32: 🔍 [CHECKER] No active tournaments found
2025-07-17T23:06:42: 🔍 [CHECKER] Running global round checker at 2025-07-17T15:06:42.153Z
2025-07-17T23:06:42: 🔍 [CHECKER] No active tournaments found
2025-07-17T23:06:52: 🔍 [CHECKER] Running global round checker at 2025-07-17T15:06:52.153Z
2025-07-17T23:06:52: 🔍 [CHECKER] No active tournaments found
2025-07-17T23:07:02: 🔍 [CHECKER] Running global round checker at 2025-07-17T15:07:02.153Z
2025-07-17T23:07:02: 🔍 [CHECKER] No active tournaments found
2025-07-17T23:07:12: 🔍 [CHECKER] Running global round checker at 2025-07-17T15:07:12.153Z
2025-07-17T23:07:12: 🔍 [CHECKER] No active tournaments found
2025-07-17T23:07:22: 🔍 [CHECKER] Running global round checker at 2025-07-17T15:07:22.153Z
2025-07-17T23:07:22: 🔍 [CHECKER] No active tournaments found
2025-07-17T23:07:32: 🔍 [CHECKER] Running global round checker at 2025-07-17T15:07:32.153Z
2025-07-17T23:07:32: 🔍 [CHECKER] No active tournaments found
2025-07-17T23:07:42: 🔍 [CHECKER] Running global round checker at 2025-07-17T15:07:42.153Z
2025-07-17T23:07:42: 🔍 [CHECKER] No active tournaments found
2025-07-17T23:07:52: 🔍 [CHECKER] Running global round checker at 2025-07-17T15:07:52.154Z
2025-07-17T23:07:52: 🔍 [CHECKER] No active tournaments found
2025-07-17T23:08:02: 🔍 [CHECKER] Running global round checker at 2025-07-17T15:08:02.154Z
2025-07-17T23:08:02: 🔍 [CHECKER] No active tournaments found
2025-07-17T23:08:12: 🔍 [CHECKER] Running global round checker at 2025-07-17T15:08:12.154Z
2025-07-17T23:08:12: 🔍 [CHECKER] No active tournaments found
2025-07-17T23:08:22: 🔄 [SCHEDULER] Starting withdrawal processing at 2025-07-17T15:08:22.136Z
2025-07-17T23:08:22: 🔄 [AUTO-WD] Starting automated withdrawal processing...
2025-07-17T23:08:22: 📝 [AUTO-WD] Found 0 pending withdrawals
2025-07-17T23:08:22: ✅ [SCHEDULER] Withdrawal processing completed in 2ms
2025-07-17T23:08:22: 🔍 [DEPOSIT-SECURITY] Running automated security checks...
2025-07-17T23:08:22: ✅ [DEPOSIT-SECURITY] Security checks completed successfully
2025-07-17T23:08:22: 🔍 [CHECKER] Running global round checker at 2025-07-17T15:08:22.154Z
2025-07-17T23:08:22: 🔍 [CHECKER] No active tournaments found
2025-07-17T23:08:32: 🔍 [CHECKER] Running global round checker at 2025-07-17T15:08:32.154Z
2025-07-17T23:08:32: 🔍 [CHECKER] No active tournaments found
2025-07-17T23:08:42: 🔍 [CHECKER] Running global round checker at 2025-07-17T15:08:42.154Z
2025-07-17T23:08:42: 🔍 [CHECKER] No active tournaments found
2025-07-17T23:08:52: 🔍 [CHECKER] Running global round checker at 2025-07-17T15:08:52.154Z
2025-07-17T23:08:52: 🔍 [CHECKER] No active tournaments found
2025-07-17T23:09:02: 🔍 [CHECKER] Running global round checker at 2025-07-17T15:09:02.154Z
2025-07-17T23:09:02: 🔍 [CHECKER] No active tournaments found
2025-07-17T23:09:12: 🔍 [CHECKER] Running global round checker at 2025-07-17T15:09:12.155Z
2025-07-17T23:09:12: 🔍 [CHECKER] No active tournaments found
2025-07-17T23:09:22: 🔍 [CHECKER] Running global round checker at 2025-07-17T15:09:22.155Z
2025-07-17T23:09:22: 🔍 [CHECKER] No active tournaments found
2025-07-17T23:09:32: 🔍 [CHECKER] Running global round checker at 2025-07-17T15:09:32.155Z
2025-07-17T23:09:32: 🔍 [CHECKER] No active tournaments found
2025-07-17T23:09:42: 🔍 [CHECKER] Running global round checker at 2025-07-17T15:09:42.155Z
2025-07-17T23:09:42: 🔍 [CHECKER] No active tournaments found
2025-07-17T23:09:52: 🔍 [CHECKER] Running global round checker at 2025-07-17T15:09:52.155Z
2025-07-17T23:09:52: 🔍 [CHECKER] No active tournaments found
2025-07-17T23:10:02: 🔍 [CHECKER] Running global round checker at 2025-07-17T15:10:02.155Z
2025-07-17T23:10:02: 🔍 [CHECKER] No active tournaments found
2025-07-17T23:10:12: 🔍 [CHECKER] Running global round checker at 2025-07-17T15:10:12.155Z
2025-07-17T23:10:12: 🔍 [CHECKER] No active tournaments found
2025-07-17T23:10:22: 🔍 [CHECKER] Running global round checker at 2025-07-17T15:10:22.155Z
2025-07-17T23:10:22: 🔍 [CHECKER] No active tournaments found
2025-07-17T23:10:32: 🔍 [CHECKER] Running global round checker at 2025-07-17T15:10:32.155Z
2025-07-17T23:10:32: 🔍 [CHECKER] No active tournaments found
2025-07-17T23:10:42: 🔍 [CHECKER] Running global round checker at 2025-07-17T15:10:42.154Z
2025-07-17T23:10:42: 🔍 [CHECKER] No active tournaments found
2025-07-17T23:10:52: 🔍 [CHECKER] Running global round checker at 2025-07-17T15:10:52.156Z
2025-07-17T23:10:52: 🔍 [CHECKER] No active tournaments found
2025-07-17T23:11:02: 🔍 [CHECKER] Running global round checker at 2025-07-17T15:11:02.157Z
2025-07-17T23:11:02: 🔍 [CHECKER] No active tournaments found
2025-07-17T23:11:12: 🔍 [CHECKER] Running global round checker at 2025-07-17T15:11:12.157Z
2025-07-17T23:11:12: 🔍 [CHECKER] No active tournaments found
2025-07-17T23:11:22: 🔍 [CHECKER] Running global round checker at 2025-07-17T15:11:22.157Z
2025-07-17T23:11:22: 🔍 [CHECKER] No active tournaments found
2025-07-17T23:11:32: 🔍 [CHECKER] Running global round checker at 2025-07-17T15:11:32.158Z
2025-07-17T23:11:32: 🔍 [CHECKER] No active tournaments found
2025-07-17T23:11:42: 🔍 [CHECKER] Running global round checker at 2025-07-17T15:11:42.158Z
2025-07-17T23:11:42: 🔍 [CHECKER] No active tournaments found
2025-07-17T23:11:52: 🔍 [CHECKER] Running global round checker at 2025-07-17T15:11:52.158Z
2025-07-17T23:11:52: 🔍 [CHECKER] No active tournaments found
2025-07-17T23:12:02: 🔍 [CHECKER] Running global round checker at 2025-07-17T15:12:02.158Z
2025-07-17T23:12:02: 🔍 [CHECKER] No active tournaments found
2025-07-17T23:12:12: 🔍 [CHECKER] Running global round checker at 2025-07-17T15:12:12.158Z
2025-07-17T23:12:12: 🔍 [CHECKER] No active tournaments found
2025-07-17T23:12:22: 🔍 [CHECKER] Running global round checker at 2025-07-17T15:12:22.158Z
2025-07-17T23:12:22: 🔍 [CHECKER] No active tournaments found
2025-07-17T23:12:32: 🔍 [CHECKER] Running global round checker at 2025-07-17T15:12:32.158Z
2025-07-17T23:12:32: 🔍 [CHECKER] No active tournaments found
2025-07-17T23:12:42: 🔍 [CHECKER] Running global round checker at 2025-07-17T15:12:42.159Z
2025-07-17T23:12:42: 🔍 [CHECKER] No active tournaments found
2025-07-17T23:12:52: 🔍 [CHECKER] Running global round checker at 2025-07-17T15:12:52.159Z
2025-07-17T23:12:52: 🔍 [CHECKER] No active tournaments found
2025-07-17T23:13:02: 🔍 [CHECKER] Running global round checker at 2025-07-17T15:13:02.160Z
2025-07-17T23:13:02: 🔍 [CHECKER] No active tournaments found
2025-07-17T23:13:12: 🔍 [CHECKER] Running global round checker at 2025-07-17T15:13:12.161Z
2025-07-17T23:13:12: 🔍 [CHECKER] No active tournaments found
2025-07-17T23:13:22: 🔄 [SCHEDULER] Starting withdrawal processing at 2025-07-17T15:13:22.136Z
2025-07-17T23:13:22: 🔄 [AUTO-WD] Starting automated withdrawal processing...
2025-07-17T23:13:22: 📝 [AUTO-WD] Found 0 pending withdrawals
2025-07-17T23:13:22: ✅ [SCHEDULER] Withdrawal processing completed in 2ms
2025-07-17T23:13:22: 🔍 [CHECKER] Running global round checker at 2025-07-17T15:13:22.161Z
2025-07-17T23:13:22: 🔍 [CHECKER] No active tournaments found
2025-07-17T23:13:32: 🔍 [CHECKER] Running global round checker at 2025-07-17T15:13:32.161Z
2025-07-17T23:13:32: 🔍 [CHECKER] No active tournaments found
2025-07-17T23:13:42: 🔍 [CHECKER] Running global round checker at 2025-07-17T15:13:42.161Z
2025-07-17T23:13:42: 🔍 [CHECKER] No active tournaments found
2025-07-17T23:13:52: 🔍 [CHECKER] Running global round checker at 2025-07-17T15:13:52.161Z
2025-07-17T23:13:52: 🔍 [CHECKER] No active tournaments found
2025-07-17T23:14:02: 🔍 [CHECKER] Running global round checker at 2025-07-17T15:14:02.161Z
2025-07-17T23:14:02: 🔍 [CHECKER] No active tournaments found
2025-07-17T23:14:12: 🔍 [CHECKER] Running global round checker at 2025-07-17T15:14:12.161Z
2025-07-17T23:14:12: 🔍 [CHECKER] No active tournaments found
2025-07-17T23:14:22: 🔍 [CHECKER] Running global round checker at 2025-07-17T15:14:22.161Z
2025-07-17T23:14:22: 🔍 [CHECKER] No active tournaments found
2025-07-17T23:14:32: 🔍 [CHECKER] Running global round checker at 2025-07-17T15:14:32.161Z
2025-07-17T23:14:32: 🔍 [CHECKER] No active tournaments found
2025-07-17T23:14:42: 🔍 [CHECKER] Running global round checker at 2025-07-17T15:14:42.161Z
2025-07-17T23:14:42: 🔍 [CHECKER] No active tournaments found
2025-07-17T23:14:52: 🔍 [CHECKER] Running global round checker at 2025-07-17T15:14:52.161Z
2025-07-17T23:14:52: 🔍 [CHECKER] No active tournaments found
2025-07-17T23:15:02: 🔍 [CHECKER] Running global round checker at 2025-07-17T15:15:02.161Z
2025-07-17T23:15:02: 🔍 [CHECKER] No active tournaments found
2025-07-17T23:15:12: 🔍 [CHECKER] Running global round checker at 2025-07-17T15:15:12.162Z
2025-07-17T23:15:12: 🔍 [CHECKER] No active tournaments found
2025-07-17T23:15:22: 🔍 [CHECKER] Running global round checker at 2025-07-17T15:15:22.162Z
2025-07-17T23:15:22: 🔍 [CHECKER] No active tournaments found
2025-07-17T23:15:32: 🔍 [CHECKER] Running global round checker at 2025-07-17T15:15:32.162Z
2025-07-17T23:15:32: 🔍 [CHECKER] No active tournaments found
2025-07-17T23:15:42: 🔍 [CHECKER] Running global round checker at 2025-07-17T15:15:42.163Z
2025-07-17T23:15:42: 🔍 [CHECKER] No active tournaments found
2025-07-17T23:15:52: 🔍 [CHECKER] Running global round checker at 2025-07-17T15:15:52.163Z
2025-07-17T23:15:52: 🔍 [CHECKER] No active tournaments found
2025-07-17T23:16:02: 🔍 [CHECKER] Running global round checker at 2025-07-17T15:16:02.163Z
2025-07-17T23:16:02: 🔍 [CHECKER] No active tournaments found
2025-07-17T23:16:12: 🔍 [CHECKER] Running global round checker at 2025-07-17T15:16:12.163Z
2025-07-17T23:16:12: 🔍 [CHECKER] No active tournaments found
2025-07-17T23:16:22: 🔍 [CHECKER] Running global round checker at 2025-07-17T15:16:22.163Z
2025-07-17T23:16:22: 🔍 [CHECKER] No active tournaments found
2025-07-17T23:16:32: 🔍 [CHECKER] Running global round checker at 2025-07-17T15:16:32.163Z
2025-07-17T23:16:32: 🔍 [CHECKER] No active tournaments found
2025-07-17T23:16:42: 🔍 [CHECKER] Running global round checker at 2025-07-17T15:16:42.164Z
2025-07-17T23:16:42: 🔍 [CHECKER] No active tournaments found
2025-07-17T23:16:52: 🔍 [CHECKER] Running global round checker at 2025-07-17T15:16:52.164Z
2025-07-17T23:16:52: 🔍 [CHECKER] No active tournaments found
2025-07-17T23:17:02: 🔍 [CHECKER] Running global round checker at 2025-07-17T15:17:02.164Z
2025-07-17T23:17:02: 🔍 [CHECKER] No active tournaments found
2025-07-17T23:17:12: 🔍 [CHECKER] Running global round checker at 2025-07-17T15:17:12.165Z
2025-07-17T23:17:12: 🔍 [CHECKER] No active tournaments found
2025-07-17T23:17:22: 🔍 [CHECKER] Running global round checker at 2025-07-17T15:17:22.165Z
2025-07-17T23:17:22: 🔍 [CHECKER] No active tournaments found
2025-07-17T23:17:32: 🔍 [CHECKER] Running global round checker at 2025-07-17T15:17:32.165Z
2025-07-17T23:17:32: 🔍 [CHECKER] No active tournaments found
2025-07-17T23:17:42: 🔍 [CHECKER] Running global round checker at 2025-07-17T15:17:42.165Z
2025-07-17T23:17:42: 🔍 [CHECKER] No active tournaments found
2025-07-17T23:17:52: 🔍 [CHECKER] Running global round checker at 2025-07-17T15:17:52.165Z
2025-07-17T23:17:52: 🔍 [CHECKER] No active tournaments found
2025-07-17T23:18:02: 🔍 [CHECKER] Running global round checker at 2025-07-17T15:18:02.165Z
2025-07-17T23:18:02: 🔍 [CHECKER] No active tournaments found
2025-07-17T23:18:12: 🔍 [CHECKER] Running global round checker at 2025-07-17T15:18:12.165Z
2025-07-17T23:18:12: 🔍 [CHECKER] No active tournaments found
2025-07-17T23:18:22: 🔄 [SCHEDULER] Starting withdrawal processing at 2025-07-17T15:18:22.137Z
2025-07-17T23:18:22: 🔄 [AUTO-WD] Starting automated withdrawal processing...
2025-07-17T23:18:22: 📝 [AUTO-WD] Found 0 pending withdrawals
2025-07-17T23:18:22: ✅ [SCHEDULER] Withdrawal processing completed in 1ms
2025-07-17T23:18:22: 🔍 [DEPOSIT-SECURITY] Running automated security checks...
2025-07-17T23:18:22: ✅ [DEPOSIT-SECURITY] Security checks completed successfully
2025-07-17T23:18:22: 🔍 [CHECKER] Running global round checker at 2025-07-17T15:18:22.165Z
2025-07-17T23:18:22: 🔍 [CHECKER] No active tournaments found
2025-07-17T23:18:32: 🔍 [CHECKER] Running global round checker at 2025-07-17T15:18:32.165Z
2025-07-17T23:18:32: 🔍 [CHECKER] No active tournaments found
2025-07-17T23:18:42: 🔍 [CHECKER] Running global round checker at 2025-07-17T15:18:42.165Z
2025-07-17T23:18:42: 🔍 [CHECKER] No active tournaments found
2025-07-17T23:18:52: 🔍 [CHECKER] Running global round checker at 2025-07-17T15:18:52.165Z
2025-07-17T23:18:52: 🔍 [CHECKER] No active tournaments found
2025-07-17T23:19:02: 🔍 [CHECKER] Running global round checker at 2025-07-17T15:19:02.165Z
2025-07-17T23:19:02: 🔍 [CHECKER] No active tournaments found
2025-07-17T23:19:12: 🔍 [CHECKER] Running global round checker at 2025-07-17T15:19:12.166Z
2025-07-17T23:19:12: 🔍 [CHECKER] No active tournaments found
2025-07-17T23:19:22: 🔍 [CHECKER] Running global round checker at 2025-07-17T15:19:22.166Z
2025-07-17T23:19:22: 🔍 [CHECKER] No active tournaments found
2025-07-17T23:19:32: 🔍 [CHECKER] Running global round checker at 2025-07-17T15:19:32.166Z
2025-07-17T23:19:32: 🔍 [CHECKER] No active tournaments found
2025-07-17T23:19:42: 🔍 [CHECKER] Running global round checker at 2025-07-17T15:19:42.166Z
2025-07-17T23:19:42: 🔍 [CHECKER] No active tournaments found
2025-07-17T23:19:52: 🔍 [CHECKER] Running global round checker at 2025-07-17T15:19:52.166Z
2025-07-17T23:19:52: 🔍 [CHECKER] No active tournaments found
2025-07-17T23:20:02: 🔍 [CHECKER] Running global round checker at 2025-07-17T15:20:02.166Z
2025-07-17T23:20:02: 🔍 [CHECKER] No active tournaments found
2025-07-17T23:20:12: 🔍 [CHECKER] Running global round checker at 2025-07-17T15:20:12.166Z
2025-07-17T23:20:12: 🔍 [CHECKER] No active tournaments found
2025-07-17T23:20:22: 🔍 [CHECKER] Running global round checker at 2025-07-17T15:20:22.166Z
2025-07-17T23:20:22: 🔍 [CHECKER] No active tournaments found
2025-07-17T23:20:32: 🔍 [CHECKER] Running global round checker at 2025-07-17T15:20:32.166Z
2025-07-17T23:20:32: 🔍 [CHECKER] No active tournaments found
2025-07-17T23:20:42: 🔍 [CHECKER] Running global round checker at 2025-07-17T15:20:42.166Z
2025-07-17T23:20:42: 🔍 [CHECKER] No active tournaments found
2025-07-17T23:20:52: 🔍 [CHECKER] Running global round checker at 2025-07-17T15:20:52.166Z
2025-07-17T23:20:52: 🔍 [CHECKER] No active tournaments found
2025-07-17T23:21:02: 🔍 [CHECKER] Running global round checker at 2025-07-17T15:21:02.166Z
2025-07-17T23:21:02: 🔍 [CHECKER] No active tournaments found
2025-07-17T23:21:12: 🔍 [CHECKER] Running global round checker at 2025-07-17T15:21:12.166Z
2025-07-17T23:21:12: 🔍 [CHECKER] No active tournaments found
2025-07-17T23:21:22: 🔍 [CHECKER] Running global round checker at 2025-07-17T15:21:22.166Z
2025-07-17T23:21:22: 🔍 [CHECKER] No active tournaments found
2025-07-17T23:21:32: 🔍 [CHECKER] Running global round checker at 2025-07-17T15:21:32.166Z
2025-07-17T23:21:32: 🔍 [CHECKER] No active tournaments found
2025-07-17T23:21:42: 🔍 [CHECKER] Running global round checker at 2025-07-17T15:21:42.166Z
2025-07-17T23:21:42: 🔍 [CHECKER] No active tournaments found
2025-07-17T23:21:52: 🔍 [CHECKER] Running global round checker at 2025-07-17T15:21:52.166Z
2025-07-17T23:21:52: 🔍 [CHECKER] No active tournaments found
2025-07-17T23:22:02: 🔍 [CHECKER] Running global round checker at 2025-07-17T15:22:02.166Z
2025-07-17T23:22:02: 🔍 [CHECKER] No active tournaments found
2025-07-17T23:22:12: 🔍 [CHECKER] Running global round checker at 2025-07-17T15:22:12.166Z
2025-07-17T23:22:12: 🔍 [CHECKER] No active tournaments found
2025-07-17T23:22:22: 🔍 [CHECKER] Running global round checker at 2025-07-17T15:22:22.166Z
2025-07-17T23:22:22: 🔍 [CHECKER] No active tournaments found
2025-07-17T23:22:32: 🔍 [CHECKER] Running global round checker at 2025-07-17T15:22:32.166Z
2025-07-17T23:22:32: 🔍 [CHECKER] No active tournaments found
2025-07-17T23:22:42: 🔍 [CHECKER] Running global round checker at 2025-07-17T15:22:42.166Z
2025-07-17T23:22:42: 🔍 [CHECKER] No active tournaments found
2025-07-17T23:22:52: 🔍 [CHECKER] Running global round checker at 2025-07-17T15:22:52.166Z
2025-07-17T23:22:52: 🔍 [CHECKER] No active tournaments found
2025-07-17T23:23:02: 🔍 [CHECKER] Running global round checker at 2025-07-17T15:23:02.166Z
2025-07-17T23:23:02: 🔍 [CHECKER] No active tournaments found
2025-07-17T23:23:12: 🔍 [CHECKER] Running global round checker at 2025-07-17T15:23:12.166Z
2025-07-17T23:23:12: 🔍 [CHECKER] No active tournaments found
2025-07-17T23:23:22: 🔄 [SCHEDULER] Starting withdrawal processing at 2025-07-17T15:23:22.137Z
2025-07-17T23:23:22: 🔄 [AUTO-WD] Starting automated withdrawal processing...
2025-07-17T23:23:22: 📝 [AUTO-WD] Found 0 pending withdrawals
2025-07-17T23:23:22: ✅ [SCHEDULER] Withdrawal processing completed in 2ms
2025-07-17T23:23:22: 🔍 [CHECKER] Running global round checker at 2025-07-17T15:23:22.166Z
2025-07-17T23:23:22: 🔍 [CHECKER] No active tournaments found
2025-07-17T23:23:32: 🔍 [CHECKER] Running global round checker at 2025-07-17T15:23:32.166Z
2025-07-17T23:23:32: 🔍 [CHECKER] No active tournaments found
2025-07-17T23:23:42: 🔍 [CHECKER] Running global round checker at 2025-07-17T15:23:42.167Z
2025-07-17T23:23:42: 🔍 [CHECKER] No active tournaments found
2025-07-17T23:23:52: 🔍 [CHECKER] Running global round checker at 2025-07-17T15:23:52.167Z
2025-07-17T23:23:52: 🔍 [CHECKER] No active tournaments found
2025-07-17T23:24:02: 🔍 [CHECKER] Running global round checker at 2025-07-17T15:24:02.167Z
2025-07-17T23:24:02: 🔍 [CHECKER] No active tournaments found
2025-07-17T23:24:12: 🔍 [CHECKER] Running global round checker at 2025-07-17T15:24:12.167Z
2025-07-17T23:24:12: 🔍 [CHECKER] No active tournaments found
2025-07-17T23:24:22: 🔍 [CHECKER] Running global round checker at 2025-07-17T15:24:22.167Z
2025-07-17T23:24:22: 🔍 [CHECKER] No active tournaments found
2025-07-17T23:24:32: 🔍 [CHECKER] Running global round checker at 2025-07-17T15:24:32.167Z
2025-07-17T23:24:32: 🔍 [CHECKER] No active tournaments found
2025-07-17T23:24:42: 🔍 [CHECKER] Running global round checker at 2025-07-17T15:24:42.167Z
2025-07-17T23:24:42: 🔍 [CHECKER] No active tournaments found
2025-07-17T23:24:52: 🔍 [CHECKER] Running global round checker at 2025-07-17T15:24:52.167Z
2025-07-17T23:24:52: 🔍 [CHECKER] No active tournaments found
2025-07-17T23:25:02: 🔍 [CHECKER] Running global round checker at 2025-07-17T15:25:02.167Z
2025-07-17T23:25:02: 🔍 [CHECKER] No active tournaments found
2025-07-17T23:25:12: 🔍 [CHECKER] Running global round checker at 2025-07-17T15:25:12.168Z
2025-07-17T23:25:12: 🔍 [CHECKER] No active tournaments found
2025-07-17T23:25:22: 🔍 [CHECKER] Running global round checker at 2025-07-17T15:25:22.168Z
2025-07-17T23:25:22: 🔍 [CHECKER] No active tournaments found
2025-07-17T23:25:32: 🔍 [CHECKER] Running global round checker at 2025-07-17T15:25:32.168Z
2025-07-17T23:25:32: 🔍 [CHECKER] No active tournaments found
2025-07-17T23:25:42: 🔍 [CHECKER] Running global round checker at 2025-07-17T15:25:42.168Z
2025-07-17T23:25:42: 🔍 [CHECKER] No active tournaments found
2025-07-17T23:25:52: 🔍 [CHECKER] Running global round checker at 2025-07-17T15:25:52.168Z
2025-07-17T23:25:52: 🔍 [CHECKER] No active tournaments found
2025-07-17T23:26:02: 🔍 [CHECKER] Running global round checker at 2025-07-17T15:26:02.169Z
2025-07-17T23:26:02: 🔍 [CHECKER] No active tournaments found
2025-07-17T23:26:12: 🔍 [CHECKER] Running global round checker at 2025-07-17T15:26:12.169Z
2025-07-17T23:26:12: 🔍 [CHECKER] No active tournaments found
2025-07-17T23:26:22: 🔍 [CHECKER] Running global round checker at 2025-07-17T15:26:22.169Z
2025-07-17T23:26:22: 🔍 [CHECKER] No active tournaments found
2025-07-17T23:26:32: 🔍 [CHECKER] Running global round checker at 2025-07-17T15:26:32.169Z
2025-07-17T23:26:32: 🔍 [CHECKER] No active tournaments found
2025-07-17T23:26:42: 🔍 [CHECKER] Running global round checker at 2025-07-17T15:26:42.169Z
2025-07-17T23:26:42: 🔍 [CHECKER] No active tournaments found
2025-07-17T23:26:52: 🔍 [CHECKER] Running global round checker at 2025-07-17T15:26:52.169Z
2025-07-17T23:26:52: 🔍 [CHECKER] No active tournaments found
2025-07-17T23:27:02: 🔍 [CHECKER] Running global round checker at 2025-07-17T15:27:02.169Z
2025-07-17T23:27:02: 🔍 [CHECKER] No active tournaments found
2025-07-17T23:27:12: 🔍 [CHECKER] Running global round checker at 2025-07-17T15:27:12.170Z
2025-07-17T23:27:12: 🔍 [CHECKER] No active tournaments found
2025-07-17T23:27:22: 🔍 [CHECKER] Running global round checker at 2025-07-17T15:27:22.170Z
2025-07-17T23:27:22: 🔍 [CHECKER] No active tournaments found
2025-07-17T23:27:32: 🔍 [CHECKER] Running global round checker at 2025-07-17T15:27:32.170Z
2025-07-17T23:27:32: 🔍 [CHECKER] No active tournaments found
2025-07-17T23:27:42: 🔍 [CHECKER] Running global round checker at 2025-07-17T15:27:42.170Z
2025-07-17T23:27:42: 🔍 [CHECKER] No active tournaments found
2025-07-17T23:27:52: 🔍 [CHECKER] Running global round checker at 2025-07-17T15:27:52.170Z
2025-07-17T23:27:52: 🔍 [CHECKER] No active tournaments found
2025-07-17T23:28:02: 🔍 [CHECKER] Running global round checker at 2025-07-17T15:28:02.171Z
2025-07-17T23:28:02: 🔍 [CHECKER] No active tournaments found
2025-07-17T23:28:12: 🔍 [CHECKER] Running global round checker at 2025-07-17T15:28:12.171Z
2025-07-17T23:28:12: 🔍 [CHECKER] No active tournaments found
2025-07-17T23:28:22: 🔄 [SCHEDULER] Starting withdrawal processing at 2025-07-17T15:28:22.137Z
2025-07-17T23:28:22: 🔄 [AUTO-WD] Starting automated withdrawal processing...
2025-07-17T23:28:22: 📝 [AUTO-WD] Found 0 pending withdrawals
2025-07-17T23:28:22: ✅ [SCHEDULER] Withdrawal processing completed in 1ms
2025-07-17T23:28:22: 🔍 [DEPOSIT-SECURITY] Running automated security checks...
2025-07-17T23:28:22: ✅ [DEPOSIT-SECURITY] Security checks completed successfully
2025-07-17T23:28:22: 🔍 [CHECKER] Running global round checker at 2025-07-17T15:28:22.171Z
2025-07-17T23:28:22: 🔍 [CHECKER] No active tournaments found
2025-07-17T23:28:32: 🔍 [CHECKER] Running global round checker at 2025-07-17T15:28:32.171Z
2025-07-17T23:28:32: 🔍 [CHECKER] No active tournaments found
2025-07-17T23:28:42: 🔍 [CHECKER] Running global round checker at 2025-07-17T15:28:42.171Z
2025-07-17T23:28:42: 🔍 [CHECKER] No active tournaments found
2025-07-17T23:28:52: 🔍 [CHECKER] Running global round checker at 2025-07-17T15:28:52.171Z
2025-07-17T23:28:52: 🔍 [CHECKER] No active tournaments found
2025-07-17T23:29:02: 🔍 [CHECKER] Running global round checker at 2025-07-17T15:29:02.171Z
2025-07-17T23:29:02: 🔍 [CHECKER] No active tournaments found
2025-07-17T23:29:12: 🔍 [CHECKER] Running global round checker at 2025-07-17T15:29:12.171Z
2025-07-17T23:29:12: 🔍 [CHECKER] No active tournaments found
2025-07-17T23:29:22: 🔍 [CHECKER] Running global round checker at 2025-07-17T15:29:22.171Z
2025-07-17T23:29:22: 🔍 [CHECKER] No active tournaments found
2025-07-17T23:29:32: 🔍 [CHECKER] Running global round checker at 2025-07-17T15:29:32.171Z
2025-07-17T23:29:32: 🔍 [CHECKER] No active tournaments found
2025-07-17T23:29:42: 🔍 [CHECKER] Running global round checker at 2025-07-17T15:29:42.171Z
2025-07-17T23:29:42: 🔍 [CHECKER] No active tournaments found
2025-07-17T23:29:52: 🔍 [CHECKER] Running global round checker at 2025-07-17T15:29:52.171Z
2025-07-17T23:29:52: 🔍 [CHECKER] No active tournaments found
2025-07-17T23:30:02: 🔍 [CHECKER] Running global round checker at 2025-07-17T15:30:02.171Z
2025-07-17T23:30:02: 🔍 [CHECKER] No active tournaments found
2025-07-17T23:30:12: 🔍 [CHECKER] Running global round checker at 2025-07-17T15:30:12.171Z
2025-07-17T23:30:12: 🔍 [CHECKER] No active tournaments found
2025-07-17T23:30:22: 🔍 [CHECKER] Running global round checker at 2025-07-17T15:30:22.171Z
2025-07-17T23:30:22: 🔍 [CHECKER] No active tournaments found
2025-07-17T23:30:32: 🔍 [CHECKER] Running global round checker at 2025-07-17T15:30:32.171Z
2025-07-17T23:30:32: 🔍 [CHECKER] No active tournaments found
2025-07-17T23:30:42: 🔍 [CHECKER] Running global round checker at 2025-07-17T15:30:42.171Z
2025-07-17T23:30:42: 🔍 [CHECKER] No active tournaments found
2025-07-17T23:30:52: 🔍 [CHECKER] Running global round checker at 2025-07-17T15:30:52.171Z
2025-07-17T23:30:52: 🔍 [CHECKER] No active tournaments found
2025-07-17T23:31:02: 🔍 [CHECKER] Running global round checker at 2025-07-17T15:31:02.171Z
2025-07-17T23:31:02: 🔍 [CHECKER] No active tournaments found
2025-07-17T23:31:12: 🔍 [CHECKER] Running global round checker at 2025-07-17T15:31:12.171Z
2025-07-17T23:31:12: 🔍 [CHECKER] No active tournaments found
2025-07-17T23:31:22: 🔍 [CHECKER] Running global round checker at 2025-07-17T15:31:22.171Z
2025-07-17T23:31:22: 🔍 [CHECKER] No active tournaments found
2025-07-17T23:31:32: 🔍 [CHECKER] Running global round checker at 2025-07-17T15:31:32.172Z
2025-07-17T23:31:32: 🔍 [CHECKER] No active tournaments found
2025-07-17T23:31:42: 🔍 [CHECKER] Running global round checker at 2025-07-17T15:31:42.172Z
2025-07-17T23:31:42: 🔍 [CHECKER] No active tournaments found
2025-07-17T23:31:52: 🔍 [CHECKER] Running global round checker at 2025-07-17T15:31:52.172Z
2025-07-17T23:31:52: 🔍 [CHECKER] No active tournaments found
2025-07-17T23:32:02: 🔍 [CHECKER] Running global round checker at 2025-07-17T15:32:02.173Z
2025-07-17T23:32:02: 🔍 [CHECKER] No active tournaments found
2025-07-17T23:32:12: 🔍 [CHECKER] Running global round checker at 2025-07-17T15:32:12.173Z
2025-07-17T23:32:12: 🔍 [CHECKER] No active tournaments found
2025-07-17T23:32:22: 🔍 [CHECKER] Running global round checker at 2025-07-17T15:32:22.173Z
2025-07-17T23:32:22: 🔍 [CHECKER] No active tournaments found
2025-07-17T23:32:32: 🔍 [CHECKER] Running global round checker at 2025-07-17T15:32:32.173Z
2025-07-17T23:32:32: 🔍 [CHECKER] No active tournaments found
2025-07-17T23:32:42: 🔍 [CHECKER] Running global round checker at 2025-07-17T15:32:42.173Z
2025-07-17T23:32:42: 🔍 [CHECKER] No active tournaments found
2025-07-17T23:32:52: 🔍 [CHECKER] Running global round checker at 2025-07-17T15:32:52.173Z
2025-07-17T23:32:52: 🔍 [CHECKER] No active tournaments found
2025-07-17T23:33:02: 🔍 [CHECKER] Running global round checker at 2025-07-17T15:33:02.173Z
2025-07-17T23:33:02: 🔍 [CHECKER] No active tournaments found
2025-07-17T23:33:12: 🔍 [CHECKER] Running global round checker at 2025-07-17T15:33:12.173Z
2025-07-17T23:33:12: 🔍 [CHECKER] No active tournaments found
2025-07-17T23:33:22: 🔄 [SCHEDULER] Starting withdrawal processing at 2025-07-17T15:33:22.137Z
2025-07-17T23:33:22: 🔄 [AUTO-WD] Starting automated withdrawal processing...
2025-07-17T23:33:22: 📝 [AUTO-WD] Found 0 pending withdrawals
2025-07-17T23:33:22: ✅ [SCHEDULER] Withdrawal processing completed in 1ms
2025-07-17T23:33:22: 🔍 [CHECKER] Running global round checker at 2025-07-17T15:33:22.173Z
2025-07-17T23:33:22: 🔍 [CHECKER] No active tournaments found
2025-07-17T23:33:32: 🔍 [CHECKER] Running global round checker at 2025-07-17T15:33:32.173Z
2025-07-17T23:33:32: 🔍 [CHECKER] No active tournaments found
2025-07-17T23:33:42: 🔍 [CHECKER] Running global round checker at 2025-07-17T15:33:42.173Z
2025-07-17T23:33:42: 🔍 [CHECKER] No active tournaments found
2025-07-17T23:33:52: 🔍 [CHECKER] Running global round checker at 2025-07-17T15:33:52.173Z
2025-07-17T23:33:52: 🔍 [CHECKER] No active tournaments found
2025-07-17T23:34:02: 🔍 [CHECKER] Running global round checker at 2025-07-17T15:34:02.174Z
2025-07-17T23:34:02: 🔍 [CHECKER] No active tournaments found
2025-07-17T23:34:12: 🔍 [CHECKER] Running global round checker at 2025-07-17T15:34:12.174Z
2025-07-17T23:34:12: 🔍 [CHECKER] No active tournaments found
2025-07-17T23:34:22: 🔍 [CHECKER] Running global round checker at 2025-07-17T15:34:22.174Z
2025-07-17T23:34:22: 🔍 [CHECKER] No active tournaments found
2025-07-17T23:34:32: 🔍 [CHECKER] Running global round checker at 2025-07-17T15:34:32.174Z
2025-07-17T23:34:32: 🔍 [CHECKER] No active tournaments found
2025-07-17T23:34:42: 🔍 [CHECKER] Running global round checker at 2025-07-17T15:34:42.174Z
2025-07-17T23:34:42: 🔍 [CHECKER] No active tournaments found
2025-07-17T23:34:52: 🔍 [CHECKER] Running global round checker at 2025-07-17T15:34:52.175Z
2025-07-17T23:34:52: 🔍 [CHECKER] No active tournaments found
2025-07-17T23:35:02: 🔍 [CHECKER] Running global round checker at 2025-07-17T15:35:02.177Z
2025-07-17T23:35:02: 🔍 [CHECKER] No active tournaments found
2025-07-17T23:35:12: 🔍 [CHECKER] Running global round checker at 2025-07-17T15:35:12.177Z
2025-07-17T23:35:12: 🔍 [CHECKER] No active tournaments found
2025-07-17T23:35:22: 🔍 [CHECKER] Running global round checker at 2025-07-17T15:35:22.177Z
2025-07-17T23:35:22: 🔍 [CHECKER] No active tournaments found
2025-07-17T23:35:32: 🔍 [CHECKER] Running global round checker at 2025-07-17T15:35:32.177Z
2025-07-17T23:35:32: 🔍 [CHECKER] No active tournaments found
2025-07-17T23:35:42: 🔍 [CHECKER] Running global round checker at 2025-07-17T15:35:42.177Z
2025-07-17T23:35:42: 🔍 [CHECKER] No active tournaments found
2025-07-17T23:35:52: 🔍 [CHECKER] Running global round checker at 2025-07-17T15:35:52.177Z
2025-07-17T23:35:52: 🔍 [CHECKER] No active tournaments found
2025-07-17T23:36:02: 🔍 [CHECKER] Running global round checker at 2025-07-17T15:36:02.177Z
2025-07-17T23:36:02: 🔍 [CHECKER] No active tournaments found
2025-07-17T23:36:12: 🔍 [CHECKER] Running global round checker at 2025-07-17T15:36:12.177Z
2025-07-17T23:36:12: 🔍 [CHECKER] No active tournaments found
2025-07-17T23:36:22: 🔍 [CHECKER] Running global round checker at 2025-07-17T15:36:22.177Z
2025-07-17T23:36:22: 🔍 [CHECKER] No active tournaments found
2025-07-17T23:36:32: 🔍 [CHECKER] Running global round checker at 2025-07-17T15:36:32.177Z
2025-07-17T23:36:32: 🔍 [CHECKER] No active tournaments found
2025-07-17T23:36:42: 🔍 [CHECKER] Running global round checker at 2025-07-17T15:36:42.177Z
2025-07-17T23:36:42: 🔍 [CHECKER] No active tournaments found
2025-07-17T23:36:52: 🔍 [CHECKER] Running global round checker at 2025-07-17T15:36:52.177Z
2025-07-17T23:36:52: 🔍 [CHECKER] No active tournaments found
2025-07-17T23:37:02: 🔍 [CHECKER] Running global round checker at 2025-07-17T15:37:02.178Z
2025-07-17T23:37:02: 🔍 [CHECKER] No active tournaments found
2025-07-17T23:37:12: 🔍 [CHECKER] Running global round checker at 2025-07-17T15:37:12.178Z
2025-07-17T23:37:12: 🔍 [CHECKER] No active tournaments found
2025-07-17T23:37:22: 🔍 [CHECKER] Running global round checker at 2025-07-17T15:37:22.178Z
2025-07-17T23:37:22: 🔍 [CHECKER] No active tournaments found
2025-07-17T23:37:32: 🔍 [CHECKER] Running global round checker at 2025-07-17T15:37:32.178Z
2025-07-17T23:37:32: 🔍 [CHECKER] No active tournaments found
2025-07-17T23:37:42: 🔍 [CHECKER] Running global round checker at 2025-07-17T15:37:42.178Z
2025-07-17T23:37:42: 🔍 [CHECKER] No active tournaments found
2025-07-17T23:37:52: 🔍 [CHECKER] Running global round checker at 2025-07-17T15:37:52.179Z
2025-07-17T23:37:52: 🔍 [CHECKER] No active tournaments found
2025-07-17T23:38:02: 🔍 [CHECKER] Running global round checker at 2025-07-17T15:38:02.179Z
2025-07-17T23:38:02: 🔍 [CHECKER] No active tournaments found
2025-07-17T23:38:12: 🔍 [CHECKER] Running global round checker at 2025-07-17T15:38:12.180Z
2025-07-17T23:38:12: 🔍 [CHECKER] No active tournaments found
2025-07-17T23:38:22: 🔄 [SCHEDULER] Starting withdrawal processing at 2025-07-17T15:38:22.137Z
2025-07-17T23:38:22: 🔄 [AUTO-WD] Starting automated withdrawal processing...
2025-07-17T23:38:22: 📝 [AUTO-WD] Found 0 pending withdrawals
2025-07-17T23:38:22: ✅ [SCHEDULER] Withdrawal processing completed in 1ms
2025-07-17T23:38:22: 🔍 [DEPOSIT-SECURITY] Running automated security checks...
2025-07-17T23:38:22: ✅ [DEPOSIT-SECURITY] Security checks completed successfully
2025-07-17T23:38:22: 🔍 [CHECKER] Running global round checker at 2025-07-17T15:38:22.180Z
2025-07-17T23:38:22: 🔍 [CHECKER] No active tournaments found
2025-07-17T23:38:32: 🔍 [CHECKER] Running global round checker at 2025-07-17T15:38:32.180Z
2025-07-17T23:38:32: 🔍 [CHECKER] No active tournaments found
2025-07-17T23:38:42: 🔍 [CHECKER] Running global round checker at 2025-07-17T15:38:42.180Z
2025-07-17T23:38:42: 🔍 [CHECKER] No active tournaments found
2025-07-17T23:38:52: 🔍 [CHECKER] Running global round checker at 2025-07-17T15:38:52.180Z
2025-07-17T23:38:52: 🔍 [CHECKER] No active tournaments found
2025-07-17T23:39:02: 🔍 [CHECKER] Running global round checker at 2025-07-17T15:39:02.180Z
2025-07-17T23:39:02: 🔍 [CHECKER] No active tournaments found
2025-07-17T23:39:12: 🔍 [CHECKER] Running global round checker at 2025-07-17T15:39:12.180Z
2025-07-17T23:39:12: 🔍 [CHECKER] No active tournaments found
2025-07-17T23:39:22: 🔍 [CHECKER] Running global round checker at 2025-07-17T15:39:22.180Z
2025-07-17T23:39:22: 🔍 [CHECKER] No active tournaments found
2025-07-17T23:39:32: 🔍 [CHECKER] Running global round checker at 2025-07-17T15:39:32.180Z
2025-07-17T23:39:32: 🔍 [CHECKER] No active tournaments found
2025-07-17T23:39:42: 🔍 [CHECKER] Running global round checker at 2025-07-17T15:39:42.180Z
2025-07-17T23:39:42: 🔍 [CHECKER] No active tournaments found
2025-07-17T23:39:52: 🔍 [CHECKER] Running global round checker at 2025-07-17T15:39:52.180Z
2025-07-17T23:39:52: 🔍 [CHECKER] No active tournaments found
2025-07-17T23:40:02: 🔍 [CHECKER] Running global round checker at 2025-07-17T15:40:02.180Z
2025-07-17T23:40:02: 🔍 [CHECKER] No active tournaments found
2025-07-17T23:40:12: 🔍 [CHECKER] Running global round checker at 2025-07-17T15:40:12.180Z
2025-07-17T23:40:12: 🔍 [CHECKER] No active tournaments found
2025-07-17T23:40:22: 🔍 [CHECKER] Running global round checker at 2025-07-17T15:40:22.180Z
2025-07-17T23:40:22: 🔍 [CHECKER] No active tournaments found
2025-07-17T23:40:32: 🔍 [CHECKER] Running global round checker at 2025-07-17T15:40:32.180Z
2025-07-17T23:40:32: 🔍 [CHECKER] No active tournaments found
2025-07-17T23:40:42: 🔍 [CHECKER] Running global round checker at 2025-07-17T15:40:42.180Z
2025-07-17T23:40:42: 🔍 [CHECKER] No active tournaments found
2025-07-17T23:40:52: 🔍 [CHECKER] Running global round checker at 2025-07-17T15:40:52.180Z
2025-07-17T23:40:52: 🔍 [CHECKER] No active tournaments found
2025-07-17T23:41:02: 🔍 [CHECKER] Running global round checker at 2025-07-17T15:41:02.181Z
2025-07-17T23:41:02: 🔍 [CHECKER] No active tournaments found
2025-07-17T23:41:12: 🔍 [CHECKER] Running global round checker at 2025-07-17T15:41:12.181Z
2025-07-17T23:41:12: 🔍 [CHECKER] No active tournaments found
2025-07-17T23:41:22: 🔍 [CHECKER] Running global round checker at 2025-07-17T15:41:22.181Z
2025-07-17T23:41:22: 🔍 [CHECKER] No active tournaments found
2025-07-17T23:41:32: 🔍 [CHECKER] Running global round checker at 2025-07-17T15:41:32.181Z
2025-07-17T23:41:32: 🔍 [CHECKER] No active tournaments found
2025-07-17T23:41:42: 🔍 [CHECKER] Running global round checker at 2025-07-17T15:41:42.181Z
2025-07-17T23:41:42: 🔍 [CHECKER] No active tournaments found
2025-07-17T23:41:52: 🔍 [CHECKER] Running global round checker at 2025-07-17T15:41:52.181Z
2025-07-17T23:41:52: 🔍 [CHECKER] No active tournaments found
2025-07-17T23:42:02: 🔍 [CHECKER] Running global round checker at 2025-07-17T15:42:02.181Z
2025-07-17T23:42:02: 🔍 [CHECKER] No active tournaments found
2025-07-17T23:42:12: 🔍 [CHECKER] Running global round checker at 2025-07-17T15:42:12.181Z
2025-07-17T23:42:12: 🔍 [CHECKER] No active tournaments found
2025-07-17T23:42:22: 🔍 [CHECKER] Running global round checker at 2025-07-17T15:42:22.181Z
2025-07-17T23:42:22: 🔍 [CHECKER] No active tournaments found
2025-07-17T23:42:32: 🔍 [CHECKER] Running global round checker at 2025-07-17T15:42:32.181Z
2025-07-17T23:42:32: 🔍 [CHECKER] No active tournaments found
2025-07-17T23:42:42: 🔍 [CHECKER] Running global round checker at 2025-07-17T15:42:42.181Z
2025-07-17T23:42:42: 🔍 [CHECKER] No active tournaments found
2025-07-17T23:42:52: 🔍 [CHECKER] Running global round checker at 2025-07-17T15:42:52.181Z
2025-07-17T23:42:52: 🔍 [CHECKER] No active tournaments found
2025-07-17T23:43:02: 🔍 [CHECKER] Running global round checker at 2025-07-17T15:43:02.182Z
2025-07-17T23:43:02: 🔍 [CHECKER] No active tournaments found
2025-07-17T23:43:12: 🔍 [CHECKER] Running global round checker at 2025-07-17T15:43:12.183Z
2025-07-17T23:43:12: 🔍 [CHECKER] No active tournaments found
2025-07-17T23:43:22: 🔄 [SCHEDULER] Starting withdrawal processing at 2025-07-17T15:43:22.137Z
2025-07-17T23:43:22: 🔄 [AUTO-WD] Starting automated withdrawal processing...
2025-07-17T23:43:22: 📝 [AUTO-WD] Found 0 pending withdrawals
2025-07-17T23:43:22: ✅ [SCHEDULER] Withdrawal processing completed in 2ms
2025-07-17T23:43:22: 🔍 [CHECKER] Running global round checker at 2025-07-17T15:43:22.183Z
2025-07-17T23:43:22: 🔍 [CHECKER] No active tournaments found
2025-07-17T23:43:32: 🔍 [CHECKER] Running global round checker at 2025-07-17T15:43:32.183Z
2025-07-17T23:43:32: 🔍 [CHECKER] No active tournaments found
2025-07-17T23:43:42: 🔍 [CHECKER] Running global round checker at 2025-07-17T15:43:42.184Z
2025-07-17T23:43:42: 🔍 [CHECKER] No active tournaments found
2025-07-17T23:43:52: 🔍 [CHECKER] Running global round checker at 2025-07-17T15:43:52.184Z
2025-07-17T23:43:52: 🔍 [CHECKER] No active tournaments found
2025-07-17T23:44:02: 🔍 [CHECKER] Running global round checker at 2025-07-17T15:44:02.185Z
2025-07-17T23:44:02: 🔍 [CHECKER] No active tournaments found
2025-07-17T23:44:12: 🔍 [CHECKER] Running global round checker at 2025-07-17T15:44:12.186Z
2025-07-17T23:44:12: 🔍 [CHECKER] No active tournaments found
2025-07-17T23:44:22: 🔍 [CHECKER] Running global round checker at 2025-07-17T15:44:22.186Z
2025-07-17T23:44:22: 🔍 [CHECKER] No active tournaments found
2025-07-17T23:44:32: 🔍 [CHECKER] Running global round checker at 2025-07-17T15:44:32.188Z
2025-07-17T23:44:32: 🔍 [CHECKER] No active tournaments found
2025-07-17T23:44:42: 🔍 [CHECKER] Running global round checker at 2025-07-17T15:44:42.189Z
2025-07-17T23:44:42: 🔍 [CHECKER] No active tournaments found
2025-07-17T23:44:52: 🔍 [CHECKER] Running global round checker at 2025-07-17T15:44:52.189Z
2025-07-17T23:44:52: 🔍 [CHECKER] No active tournaments found
2025-07-17T23:45:02: 🔍 [CHECKER] Running global round checker at 2025-07-17T15:45:02.190Z
2025-07-17T23:45:02: 🔍 [CHECKER] No active tournaments found
2025-07-17T23:45:12: 🔍 [CHECKER] Running global round checker at 2025-07-17T15:45:12.191Z
2025-07-17T23:45:12: 🔍 [CHECKER] No active tournaments found
2025-07-17T23:45:22: 🔍 [CHECKER] Running global round checker at 2025-07-17T15:45:22.191Z
2025-07-17T23:45:22: 🔍 [CHECKER] No active tournaments found
2025-07-17T23:45:32: 🔍 [CHECKER] Running global round checker at 2025-07-17T15:45:32.191Z
2025-07-17T23:45:32: 🔍 [CHECKER] No active tournaments found
2025-07-17T23:45:42: 🔍 [CHECKER] Running global round checker at 2025-07-17T15:45:42.191Z
2025-07-17T23:45:42: 🔍 [CHECKER] No active tournaments found
2025-07-17T23:45:52: 🔍 [CHECKER] Running global round checker at 2025-07-17T15:45:52.191Z
2025-07-17T23:45:52: 🔍 [CHECKER] No active tournaments found
2025-07-17T23:46:02: 🔍 [CHECKER] Running global round checker at 2025-07-17T15:46:02.191Z
2025-07-17T23:46:02: 🔍 [CHECKER] No active tournaments found
2025-07-17T23:46:12: 🔍 [CHECKER] Running global round checker at 2025-07-17T15:46:12.191Z
2025-07-17T23:46:12: 🔍 [CHECKER] No active tournaments found
2025-07-17T23:46:22: 🔍 [CHECKER] Running global round checker at 2025-07-17T15:46:22.191Z
2025-07-17T23:46:22: 🔍 [CHECKER] No active tournaments found
2025-07-17T23:46:32: 🔍 [CHECKER] Running global round checker at 2025-07-17T15:46:32.191Z
2025-07-17T23:46:32: 🔍 [CHECKER] No active tournaments found
2025-07-17T23:46:42: 🔍 [CHECKER] Running global round checker at 2025-07-17T15:46:42.191Z
2025-07-17T23:46:42: 🔍 [CHECKER] No active tournaments found
2025-07-17T23:46:52: 🔍 [CHECKER] Running global round checker at 2025-07-17T15:46:52.191Z
2025-07-17T23:46:52: 🔍 [CHECKER] No active tournaments found
2025-07-17T23:47:02: 🔍 [CHECKER] Running global round checker at 2025-07-17T15:47:02.192Z
2025-07-17T23:47:02: 🔍 [CHECKER] No active tournaments found
2025-07-17T23:47:12: 🔍 [CHECKER] Running global round checker at 2025-07-17T15:47:12.192Z
2025-07-17T23:47:12: 🔍 [CHECKER] No active tournaments found
2025-07-17T23:47:22: 🔍 [CHECKER] Running global round checker at 2025-07-17T15:47:22.192Z
2025-07-17T23:47:22: 🔍 [CHECKER] No active tournaments found
2025-07-17T23:47:32: 🔍 [CHECKER] Running global round checker at 2025-07-17T15:47:32.192Z
2025-07-17T23:47:32: 🔍 [CHECKER] No active tournaments found
2025-07-17T23:47:42: 🔍 [CHECKER] Running global round checker at 2025-07-17T15:47:42.192Z
2025-07-17T23:47:42: 🔍 [CHECKER] No active tournaments found
2025-07-17T23:47:52: 🔍 [CHECKER] Running global round checker at 2025-07-17T15:47:52.192Z
2025-07-17T23:47:52: 🔍 [CHECKER] No active tournaments found
2025-07-17T23:48:02: 🔍 [CHECKER] Running global round checker at 2025-07-17T15:48:02.192Z
2025-07-17T23:48:02: 🔍 [CHECKER] No active tournaments found
2025-07-17T23:48:12: 🔍 [CHECKER] Running global round checker at 2025-07-17T15:48:12.192Z
2025-07-17T23:48:12: 🔍 [CHECKER] No active tournaments found
2025-07-17T23:48:22: 🔄 [SCHEDULER] Starting withdrawal processing at 2025-07-17T15:48:22.138Z
2025-07-17T23:48:22: 🔄 [AUTO-WD] Starting automated withdrawal processing...
2025-07-17T23:48:22: 📝 [AUTO-WD] Found 0 pending withdrawals
2025-07-17T23:48:22: ✅ [SCHEDULER] Withdrawal processing completed in 2ms
2025-07-17T23:48:22: 🔍 [DEPOSIT-SECURITY] Running automated security checks...
2025-07-17T23:48:22: ✅ [DEPOSIT-SECURITY] Security checks completed successfully
2025-07-17T23:48:22: 🔍 [CHECKER] Running global round checker at 2025-07-17T15:48:22.192Z
2025-07-17T23:48:22: 🔍 [CHECKER] No active tournaments found
2025-07-17T23:48:32: 🔍 [CHECKER] Running global round checker at 2025-07-17T15:48:32.192Z
2025-07-17T23:48:32: 🔍 [CHECKER] No active tournaments found
2025-07-17T23:48:42: 🔍 [CHECKER] Running global round checker at 2025-07-17T15:48:42.192Z
2025-07-17T23:48:42: 🔍 [CHECKER] No active tournaments found
2025-07-17T23:48:52: 🔍 [CHECKER] Running global round checker at 2025-07-17T15:48:52.192Z
2025-07-17T23:48:52: 🔍 [CHECKER] No active tournaments found
2025-07-17T23:49:02: 🔍 [CHECKER] Running global round checker at 2025-07-17T15:49:02.193Z
2025-07-17T23:49:02: 🔍 [CHECKER] No active tournaments found
2025-07-17T23:49:12: 🔍 [CHECKER] Running global round checker at 2025-07-17T15:49:12.193Z
2025-07-17T23:49:12: 🔍 [CHECKER] No active tournaments found
2025-07-17T23:49:22: 🔍 [CHECKER] Running global round checker at 2025-07-17T15:49:22.193Z
2025-07-17T23:49:22: 🔍 [CHECKER] No active tournaments found
2025-07-17T23:49:32: 🔍 [CHECKER] Running global round checker at 2025-07-17T15:49:32.193Z
2025-07-17T23:49:32: 🔍 [CHECKER] No active tournaments found
2025-07-17T23:49:42: 🔍 [CHECKER] Running global round checker at 2025-07-17T15:49:42.194Z
2025-07-17T23:49:42: 🔍 [CHECKER] No active tournaments found
2025-07-17T23:49:52: 🔍 [CHECKER] Running global round checker at 2025-07-17T15:49:52.194Z
2025-07-17T23:49:52: 🔍 [CHECKER] No active tournaments found
2025-07-17T23:50:02: 🔍 [CHECKER] Running global round checker at 2025-07-17T15:50:02.194Z
2025-07-17T23:50:02: 🔍 [CHECKER] No active tournaments found
2025-07-17T23:50:12: 🔍 [CHECKER] Running global round checker at 2025-07-17T15:50:12.194Z
2025-07-17T23:50:12: 🔍 [CHECKER] No active tournaments found
2025-07-17T23:50:22: 🔍 [CHECKER] Running global round checker at 2025-07-17T15:50:22.194Z
2025-07-17T23:50:22: 🔍 [CHECKER] No active tournaments found
2025-07-17T23:50:32: 🔍 [CHECKER] Running global round checker at 2025-07-17T15:50:32.194Z
2025-07-17T23:50:32: 🔍 [CHECKER] No active tournaments found
2025-07-17T23:50:42: 🔍 [CHECKER] Running global round checker at 2025-07-17T15:50:42.195Z
2025-07-17T23:50:42: 🔍 [CHECKER] No active tournaments found
2025-07-17T23:50:52: 🔍 [CHECKER] Running global round checker at 2025-07-17T15:50:52.195Z
2025-07-17T23:50:52: 🔍 [CHECKER] No active tournaments found
2025-07-17T23:51:02: 🔍 [CHECKER] Running global round checker at 2025-07-17T15:51:02.195Z
2025-07-17T23:51:02: 🔍 [CHECKER] No active tournaments found
2025-07-17T23:51:12: 🔍 [CHECKER] Running global round checker at 2025-07-17T15:51:12.195Z
2025-07-17T23:51:12: 🔍 [CHECKER] No active tournaments found
2025-07-17T23:51:22: 🔍 [CHECKER] Running global round checker at 2025-07-17T15:51:22.195Z
2025-07-17T23:51:22: 🔍 [CHECKER] No active tournaments found
2025-07-17T23:51:32: 🔍 [CHECKER] Running global round checker at 2025-07-17T15:51:32.196Z
2025-07-17T23:51:32: 🔍 [CHECKER] No active tournaments found
2025-07-17T23:51:42: 🔍 [CHECKER] Running global round checker at 2025-07-17T15:51:42.197Z
2025-07-17T23:51:42: 🔍 [CHECKER] No active tournaments found
2025-07-17T23:51:52: 🔍 [CHECKER] Running global round checker at 2025-07-17T15:51:52.197Z
2025-07-17T23:51:52: 🔍 [CHECKER] No active tournaments found
2025-07-17T23:52:02: 🔍 [CHECKER] Running global round checker at 2025-07-17T15:52:02.198Z
2025-07-17T23:52:02: 🔍 [CHECKER] No active tournaments found
2025-07-17T23:52:12: 🔍 [CHECKER] Running global round checker at 2025-07-17T15:52:12.198Z
2025-07-17T23:52:12: 🔍 [CHECKER] No active tournaments found
2025-07-17T23:52:22: 🔍 [CHECKER] Running global round checker at 2025-07-17T15:52:22.198Z
2025-07-17T23:52:22: 🔍 [CHECKER] No active tournaments found
2025-07-17T23:52:32: 🔍 [CHECKER] Running global round checker at 2025-07-17T15:52:32.198Z
2025-07-17T23:52:32: 🔍 [CHECKER] No active tournaments found
2025-07-17T23:52:42: 🔍 [CHECKER] Running global round checker at 2025-07-17T15:52:42.198Z
2025-07-17T23:52:42: 🔍 [CHECKER] No active tournaments found
2025-07-17T23:52:52: 🔍 [CHECKER] Running global round checker at 2025-07-17T15:52:52.198Z
2025-07-17T23:52:52: 🔍 [CHECKER] No active tournaments found
2025-07-17T23:53:02: 🔍 [CHECKER] Running global round checker at 2025-07-17T15:53:02.198Z
2025-07-17T23:53:02: 🔍 [CHECKER] No active tournaments found
2025-07-17T23:53:12: 🔍 [CHECKER] Running global round checker at 2025-07-17T15:53:12.198Z
2025-07-17T23:53:12: 🔍 [CHECKER] No active tournaments found
2025-07-17T23:53:22: 🔄 [SCHEDULER] Starting withdrawal processing at 2025-07-17T15:53:22.138Z
2025-07-17T23:53:22: 🔄 [AUTO-WD] Starting automated withdrawal processing...
2025-07-17T23:53:22: 📝 [AUTO-WD] Found 0 pending withdrawals
2025-07-17T23:53:22: ✅ [SCHEDULER] Withdrawal processing completed in 1ms
2025-07-17T23:53:22: 🔍 [CHECKER] Running global round checker at 2025-07-17T15:53:22.198Z
2025-07-17T23:53:22: 🔍 [CHECKER] No active tournaments found
2025-07-17T23:53:32: 🔍 [CHECKER] Running global round checker at 2025-07-17T15:53:32.198Z
2025-07-17T23:53:32: 🔍 [CHECKER] No active tournaments found
2025-07-17T23:53:42: 🔍 [CHECKER] Running global round checker at 2025-07-17T15:53:42.199Z
2025-07-17T23:53:42: 🔍 [CHECKER] No active tournaments found
2025-07-17T23:53:52: 🔍 [CHECKER] Running global round checker at 2025-07-17T15:53:52.199Z
2025-07-17T23:53:52: 🔍 [CHECKER] No active tournaments found
2025-07-17T23:54:02: 🔍 [CHECKER] Running global round checker at 2025-07-17T15:54:02.200Z
2025-07-17T23:54:02: 🔍 [CHECKER] No active tournaments found
2025-07-17T23:54:12: 🔍 [CHECKER] Running global round checker at 2025-07-17T15:54:12.200Z
2025-07-17T23:54:12: 🔍 [CHECKER] No active tournaments found
2025-07-17T23:54:22: 🔍 [CHECKER] Running global round checker at 2025-07-17T15:54:22.200Z
2025-07-17T23:54:22: 🔍 [CHECKER] No active tournaments found
2025-07-17T23:54:32: 🔍 [CHECKER] Running global round checker at 2025-07-17T15:54:32.200Z
2025-07-17T23:54:32: 🔍 [CHECKER] No active tournaments found
2025-07-17T23:54:42: 🔍 [CHECKER] Running global round checker at 2025-07-17T15:54:42.200Z
2025-07-17T23:54:42: 🔍 [CHECKER] No active tournaments found
2025-07-17T23:54:52: 🔍 [CHECKER] Running global round checker at 2025-07-17T15:54:52.201Z
2025-07-17T23:54:52: 🔍 [CHECKER] No active tournaments found
2025-07-17T23:55:02: 🔍 [CHECKER] Running global round checker at 2025-07-17T15:55:02.202Z
2025-07-17T23:55:02: 🔍 [CHECKER] No active tournaments found
2025-07-17T23:55:12: 🔍 [CHECKER] Running global round checker at 2025-07-17T15:55:12.202Z
2025-07-17T23:55:12: 🔍 [CHECKER] No active tournaments found
2025-07-17T23:55:22: 🔍 [CHECKER] Running global round checker at 2025-07-17T15:55:22.202Z
2025-07-17T23:55:22: 🔍 [CHECKER] No active tournaments found
2025-07-17T23:55:32: 🔍 [CHECKER] Running global round checker at 2025-07-17T15:55:32.202Z
2025-07-17T23:55:32: 🔍 [CHECKER] No active tournaments found
2025-07-17T23:55:42: 🔍 [CHECKER] Running global round checker at 2025-07-17T15:55:42.203Z
2025-07-17T23:55:42: 🔍 [CHECKER] No active tournaments found
2025-07-17T23:55:52: 🔍 [CHECKER] Running global round checker at 2025-07-17T15:55:52.203Z
2025-07-17T23:55:52: 🔍 [CHECKER] No active tournaments found
2025-07-17T23:56:02: 🔍 [CHECKER] Running global round checker at 2025-07-17T15:56:02.203Z
2025-07-17T23:56:02: 🔍 [CHECKER] No active tournaments found
2025-07-17T23:56:12: 🔍 [CHECKER] Running global round checker at 2025-07-17T15:56:12.203Z
2025-07-17T23:56:12: 🔍 [CHECKER] No active tournaments found
2025-07-17T23:56:22: 🔍 [CHECKER] Running global round checker at 2025-07-17T15:56:22.203Z
2025-07-17T23:56:22: 🔍 [CHECKER] No active tournaments found
2025-07-17T23:56:32: 🔍 [CHECKER] Running global round checker at 2025-07-17T15:56:32.203Z
2025-07-17T23:56:32: 🔍 [CHECKER] No active tournaments found
2025-07-17T23:56:42: 🔍 [CHECKER] Running global round checker at 2025-07-17T15:56:42.204Z
2025-07-17T23:56:42: 🔍 [CHECKER] No active tournaments found
2025-07-17T23:56:52: 🔍 [CHECKER] Running global round checker at 2025-07-17T15:56:52.204Z
2025-07-17T23:56:52: 🔍 [CHECKER] No active tournaments found
2025-07-17T23:57:02: 🔍 [CHECKER] Running global round checker at 2025-07-17T15:57:02.205Z
2025-07-17T23:57:02: 🔍 [CHECKER] No active tournaments found
2025-07-17T23:57:12: 🔍 [CHECKER] Running global round checker at 2025-07-17T15:57:12.206Z
2025-07-17T23:57:12: 🔍 [CHECKER] No active tournaments found
2025-07-17T23:57:22: 🔍 [CHECKER] Running global round checker at 2025-07-17T15:57:22.206Z
2025-07-17T23:57:22: 🔍 [CHECKER] No active tournaments found
2025-07-17T23:57:32: 🔍 [CHECKER] Running global round checker at 2025-07-17T15:57:32.206Z
2025-07-17T23:57:32: 🔍 [CHECKER] No active tournaments found
2025-07-17T23:57:42: 🔍 [CHECKER] Running global round checker at 2025-07-17T15:57:42.206Z
2025-07-17T23:57:42: 🔍 [CHECKER] No active tournaments found
2025-07-17T23:57:52: 🔍 [CHECKER] Running global round checker at 2025-07-17T15:57:52.206Z
2025-07-17T23:57:52: 🔍 [CHECKER] No active tournaments found
2025-07-17T23:58:02: 🔍 [CHECKER] Running global round checker at 2025-07-17T15:58:02.207Z
2025-07-17T23:58:02: 🔍 [CHECKER] No active tournaments found
2025-07-17T23:58:12: 🔍 [CHECKER] Running global round checker at 2025-07-17T15:58:12.207Z
2025-07-17T23:58:12: 🔍 [CHECKER] No active tournaments found
2025-07-17T23:58:22: 🔄 [SCHEDULER] Starting withdrawal processing at 2025-07-17T15:58:22.138Z
2025-07-17T23:58:22: 🔄 [AUTO-WD] Starting automated withdrawal processing...
2025-07-17T23:58:22: 📝 [AUTO-WD] Found 0 pending withdrawals
2025-07-17T23:58:22: ✅ [SCHEDULER] Withdrawal processing completed in 1ms
2025-07-17T23:58:22: 🔍 [DEPOSIT-SECURITY] Running automated security checks...
2025-07-17T23:58:22: ✅ [DEPOSIT-SECURITY] Security checks completed successfully
2025-07-17T23:58:22: 🔍 [CHECKER] Running global round checker at 2025-07-17T15:58:22.207Z
2025-07-17T23:58:22: 🔍 [CHECKER] No active tournaments found
2025-07-17T23:58:32: 🔍 [CHECKER] Running global round checker at 2025-07-17T15:58:32.207Z
2025-07-17T23:58:32: 🔍 [CHECKER] No active tournaments found
2025-07-17T23:58:42: 🔍 [CHECKER] Running global round checker at 2025-07-17T15:58:42.207Z
2025-07-17T23:58:42: 🔍 [CHECKER] No active tournaments found
2025-07-17T23:58:52: 🔍 [CHECKER] Running global round checker at 2025-07-17T15:58:52.207Z
2025-07-17T23:58:52: 🔍 [CHECKER] No active tournaments found
2025-07-17T23:59:02: 🔍 [CHECKER] Running global round checker at 2025-07-17T15:59:02.207Z
2025-07-17T23:59:02: 🔍 [CHECKER] No active tournaments found
2025-07-17T23:59:12: 🔍 [CHECKER] Running global round checker at 2025-07-17T15:59:12.207Z
2025-07-17T23:59:12: 🔍 [CHECKER] No active tournaments found
2025-07-17T23:59:22: 🔍 [CHECKER] Running global round checker at 2025-07-17T15:59:22.207Z
2025-07-17T23:59:22: 🔍 [CHECKER] No active tournaments found
2025-07-17T23:59:32: 🔍 [CHECKER] Running global round checker at 2025-07-17T15:59:32.207Z
2025-07-17T23:59:32: 🔍 [CHECKER] No active tournaments found
2025-07-17T23:59:42: 🔍 [CHECKER] Running global round checker at 2025-07-17T15:59:42.207Z
2025-07-17T23:59:42: 🔍 [CHECKER] No active tournaments found
2025-07-17T23:59:52: 🔍 [CHECKER] Running global round checker at 2025-07-17T15:59:52.207Z
2025-07-17T23:59:52: 🔍 [CHECKER] No active tournaments found
2025-07-18T00:00:02: 🔍 [CHECKER] Running global round checker at 2025-07-17T16:00:02.209Z
2025-07-18T00:00:02: 🔍 [CHECKER] No active tournaments found
2025-07-18T00:00:12: 🔍 [CHECKER] Running global round checker at 2025-07-17T16:00:12.210Z
2025-07-18T00:00:12: 🔍 [CHECKER] No active tournaments found
2025-07-18T00:00:22: 🔍 [CHECKER] Running global round checker at 2025-07-17T16:00:22.210Z
2025-07-18T00:00:22: 🔍 [CHECKER] No active tournaments found
2025-07-18T00:00:32: 🔍 [CHECKER] Running global round checker at 2025-07-17T16:00:32.210Z
2025-07-18T00:00:32: 🔍 [CHECKER] No active tournaments found
2025-07-18T00:00:42: 🔍 [CHECKER] Running global round checker at 2025-07-17T16:00:42.211Z
2025-07-18T00:00:42: 🔍 [CHECKER] No active tournaments found
2025-07-18T00:00:52: 🔍 [CHECKER] Running global round checker at 2025-07-17T16:00:52.211Z
2025-07-18T00:00:52: 🔍 [CHECKER] No active tournaments found
2025-07-18T00:01:02: 🔍 [CHECKER] Running global round checker at 2025-07-17T16:01:02.211Z
2025-07-18T00:01:02: 🔍 [CHECKER] No active tournaments found
2025-07-18T00:01:12: 🔍 [CHECKER] Running global round checker at 2025-07-17T16:01:12.211Z
2025-07-18T00:01:12: 🔍 [CHECKER] No active tournaments found
2025-07-18T00:01:22: 🔍 [CHECKER] Running global round checker at 2025-07-17T16:01:22.212Z
2025-07-18T00:01:22: 🔍 [CHECKER] No active tournaments found
2025-07-18T00:01:32: 🔍 [CHECKER] Running global round checker at 2025-07-17T16:01:32.212Z
2025-07-18T00:01:32: 🔍 [CHECKER] No active tournaments found
2025-07-18T00:01:42: 🔍 [CHECKER] Running global round checker at 2025-07-17T16:01:42.212Z
2025-07-18T00:01:42: 🔍 [CHECKER] No active tournaments found
2025-07-18T00:01:52: 🔍 [CHECKER] Running global round checker at 2025-07-17T16:01:52.212Z
2025-07-18T00:01:52: 🔍 [CHECKER] No active tournaments found
2025-07-18T00:02:02: 🔍 [CHECKER] Running global round checker at 2025-07-17T16:02:02.212Z
2025-07-18T00:02:02: 🔍 [CHECKER] No active tournaments found
2025-07-18T00:02:12: 🔍 [CHECKER] Running global round checker at 2025-07-17T16:02:12.212Z
2025-07-18T00:02:12: 🔍 [CHECKER] No active tournaments found
2025-07-18T00:02:22: 🔍 [CHECKER] Running global round checker at 2025-07-17T16:02:22.212Z
2025-07-18T00:02:22: 🔍 [CHECKER] No active tournaments found
2025-07-18T00:02:32: 🔍 [CHECKER] Running global round checker at 2025-07-17T16:02:32.212Z
2025-07-18T00:02:32: 🔍 [CHECKER] No active tournaments found
2025-07-18T00:02:42: 🔍 [CHECKER] Running global round checker at 2025-07-17T16:02:42.212Z
2025-07-18T00:02:42: 🔍 [CHECKER] No active tournaments found
2025-07-18T00:02:52: 🔍 [CHECKER] Running global round checker at 2025-07-17T16:02:52.212Z
2025-07-18T00:02:52: 🔍 [CHECKER] No active tournaments found
2025-07-18T00:03:02: 🔍 [CHECKER] Running global round checker at 2025-07-17T16:03:02.212Z
2025-07-18T00:03:02: 🔍 [CHECKER] No active tournaments found
2025-07-18T00:03:12: 🔍 [CHECKER] Running global round checker at 2025-07-17T16:03:12.212Z
2025-07-18T00:03:12: 🔍 [CHECKER] No active tournaments found
2025-07-18T00:03:22: 🔄 [SCHEDULER] Starting withdrawal processing at 2025-07-17T16:03:22.138Z
2025-07-18T00:03:22: 🔄 [AUTO-WD] Starting automated withdrawal processing...
2025-07-18T00:03:22: 📝 [AUTO-WD] Found 0 pending withdrawals
2025-07-18T00:03:22: ✅ [SCHEDULER] Withdrawal processing completed in 1ms
2025-07-18T00:03:22: 🔍 [CHECKER] Running global round checker at 2025-07-17T16:03:22.212Z
2025-07-18T00:03:22: 🔍 [CHECKER] No active tournaments found
2025-07-18T00:03:32: 🔍 [CHECKER] Running global round checker at 2025-07-17T16:03:32.213Z
2025-07-18T00:03:32: 🔍 [CHECKER] No active tournaments found
2025-07-18T00:03:42: 🔍 [CHECKER] Running global round checker at 2025-07-17T16:03:42.214Z
2025-07-18T00:03:42: 🔍 [CHECKER] No active tournaments found
2025-07-18T00:03:52: 🔍 [CHECKER] Running global round checker at 2025-07-17T16:03:52.214Z
2025-07-18T00:03:52: 🔍 [CHECKER] No active tournaments found
2025-07-18T00:04:02: 🔍 [CHECKER] Running global round checker at 2025-07-17T16:04:02.214Z
2025-07-18T00:04:02: 🔍 [CHECKER] No active tournaments found
2025-07-18T00:04:12: 🔍 [CHECKER] Running global round checker at 2025-07-17T16:04:12.215Z
2025-07-18T00:04:12: 🔍 [CHECKER] No active tournaments found
2025-07-18T00:04:22: 🔍 [CHECKER] Running global round checker at 2025-07-17T16:04:22.215Z
2025-07-18T00:04:22: 🔍 [CHECKER] No active tournaments found
2025-07-18T00:04:32: 🔍 [CHECKER] Running global round checker at 2025-07-17T16:04:32.215Z
2025-07-18T00:04:32: 🔍 [CHECKER] No active tournaments found
2025-07-18T00:04:42: 🔍 [CHECKER] Running global round checker at 2025-07-17T16:04:42.215Z
2025-07-18T00:04:42: 🔍 [CHECKER] No active tournaments found
2025-07-18T00:04:52: 🔍 [CHECKER] Running global round checker at 2025-07-17T16:04:52.215Z
2025-07-18T00:04:52: 🔍 [CHECKER] No active tournaments found
2025-07-18T00:05:02: 🔍 [CHECKER] Running global round checker at 2025-07-17T16:05:02.216Z
2025-07-18T00:05:02: 🔍 [CHECKER] No active tournaments found
2025-07-18T00:05:12: 🔍 [CHECKER] Running global round checker at 2025-07-17T16:05:12.217Z
2025-07-18T00:05:12: 🔍 [CHECKER] No active tournaments found
2025-07-18T00:05:22: 🔍 [CHECKER] Running global round checker at 2025-07-17T16:05:22.217Z
2025-07-18T00:05:22: 🔍 [CHECKER] No active tournaments found
2025-07-18T00:05:32: 🔍 [CHECKER] Running global round checker at 2025-07-17T16:05:32.217Z
2025-07-18T00:05:32: 🔍 [CHECKER] No active tournaments found
2025-07-18T00:05:42: 🔍 [CHECKER] Running global round checker at 2025-07-17T16:05:42.217Z
2025-07-18T00:05:42: 🔍 [CHECKER] No active tournaments found
2025-07-18T00:05:52: 🔍 [CHECKER] Running global round checker at 2025-07-17T16:05:52.217Z
2025-07-18T00:05:52: 🔍 [CHECKER] No active tournaments found
2025-07-18T00:06:02: 🔍 [CHECKER] Running global round checker at 2025-07-17T16:06:02.217Z
2025-07-18T00:06:02: 🔍 [CHECKER] No active tournaments found
2025-07-18T00:06:12: 🔍 [CHECKER] Running global round checker at 2025-07-17T16:06:12.217Z
2025-07-18T00:06:12: 🔍 [CHECKER] No active tournaments found
2025-07-18T00:06:22: 🔍 [CHECKER] Running global round checker at 2025-07-17T16:06:22.217Z
2025-07-18T00:06:22: 🔍 [CHECKER] No active tournaments found
2025-07-18T00:06:32: 🔍 [CHECKER] Running global round checker at 2025-07-17T16:06:32.217Z
2025-07-18T00:06:32: 🔍 [CHECKER] No active tournaments found
2025-07-18T00:06:42: 🔍 [CHECKER] Running global round checker at 2025-07-17T16:06:42.217Z
2025-07-18T00:06:42: 🔍 [CHECKER] No active tournaments found
2025-07-18T00:06:52: 🔍 [CHECKER] Running global round checker at 2025-07-17T16:06:52.217Z
2025-07-18T00:06:52: 🔍 [CHECKER] No active tournaments found
2025-07-18T00:07:02: 🔍 [CHECKER] Running global round checker at 2025-07-17T16:07:02.218Z
2025-07-18T00:07:02: 🔍 [CHECKER] No active tournaments found
2025-07-18T00:07:12: 🔍 [CHECKER] Running global round checker at 2025-07-17T16:07:12.219Z
2025-07-18T00:07:12: 🔍 [CHECKER] No active tournaments found
2025-07-18T00:07:22: 🔍 [CHECKER] Running global round checker at 2025-07-17T16:07:22.220Z
2025-07-18T00:07:22: 🔍 [CHECKER] No active tournaments found
2025-07-18T00:07:32: 🔍 [CHECKER] Running global round checker at 2025-07-17T16:07:32.220Z
2025-07-18T00:07:32: 🔍 [CHECKER] No active tournaments found
2025-07-18T00:07:42: 🔍 [CHECKER] Running global round checker at 2025-07-17T16:07:42.221Z
2025-07-18T00:07:42: 🔍 [CHECKER] No active tournaments found
2025-07-18T00:07:52: 🔍 [CHECKER] Running global round checker at 2025-07-17T16:07:52.221Z
2025-07-18T00:07:52: 🔍 [CHECKER] No active tournaments found
2025-07-18T00:08:02: 🔍 [CHECKER] Running global round checker at 2025-07-17T16:08:02.222Z
2025-07-18T00:08:02: 🔍 [CHECKER] No active tournaments found
2025-07-18T00:08:12: 🔍 [CHECKER] Running global round checker at 2025-07-17T16:08:12.222Z
2025-07-18T00:08:12: 🔍 [CHECKER] No active tournaments found
2025-07-18T00:08:22: 🔄 [SCHEDULER] Starting withdrawal processing at 2025-07-17T16:08:22.138Z
2025-07-18T00:08:22: 🔄 [AUTO-WD] Starting automated withdrawal processing...
2025-07-18T00:08:22: 📝 [AUTO-WD] Found 0 pending withdrawals
2025-07-18T00:08:22: ✅ [SCHEDULER] Withdrawal processing completed in 1ms
2025-07-18T00:08:22: 🔍 [DEPOSIT-SECURITY] Running automated security checks...
2025-07-18T00:08:22: ✅ [DEPOSIT-SECURITY] Security checks completed successfully
2025-07-18T00:08:22: 🔍 [CHECKER] Running global round checker at 2025-07-17T16:08:22.222Z
2025-07-18T00:08:22: 🔍 [CHECKER] No active tournaments found
2025-07-18T00:08:32: 🔍 [CHECKER] Running global round checker at 2025-07-17T16:08:32.222Z
2025-07-18T00:08:32: 🔍 [CHECKER] No active tournaments found
2025-07-18T00:08:42: 🔍 [CHECKER] Running global round checker at 2025-07-17T16:08:42.222Z
2025-07-18T00:08:42: 🔍 [CHECKER] No active tournaments found
2025-07-18T00:08:52: 🔍 [CHECKER] Running global round checker at 2025-07-17T16:08:52.224Z
2025-07-18T00:08:52: 🔍 [CHECKER] No active tournaments found
2025-07-18T00:09:02: 🔍 [CHECKER] Running global round checker at 2025-07-17T16:09:02.224Z
2025-07-18T00:09:02: 🔍 [CHECKER] No active tournaments found
2025-07-18T00:09:12: 🔍 [CHECKER] Running global round checker at 2025-07-17T16:09:12.224Z
2025-07-18T00:09:12: 🔍 [CHECKER] No active tournaments found
2025-07-18T00:09:22: 🔍 [CHECKER] Running global round checker at 2025-07-17T16:09:22.224Z
2025-07-18T00:09:22: 🔍 [CHECKER] No active tournaments found
2025-07-18T00:09:32: 🔍 [CHECKER] Running global round checker at 2025-07-17T16:09:32.224Z
2025-07-18T00:09:32: 🔍 [CHECKER] No active tournaments found
2025-07-18T00:09:42: 🔍 [CHECKER] Running global round checker at 2025-07-17T16:09:42.225Z
2025-07-18T00:09:42: 🔍 [CHECKER] No active tournaments found
2025-07-18T00:09:52: 🔍 [CHECKER] Running global round checker at 2025-07-17T16:09:52.225Z
2025-07-18T00:09:52: 🔍 [CHECKER] No active tournaments found
2025-07-18T00:10:02: 🔍 [CHECKER] Running global round checker at 2025-07-17T16:10:02.225Z
2025-07-18T00:10:02: 🔍 [CHECKER] No active tournaments found
2025-07-18T00:10:12: 🔍 [CHECKER] Running global round checker at 2025-07-17T16:10:12.225Z
2025-07-18T00:10:12: 🔍 [CHECKER] No active tournaments found
2025-07-18T00:10:22: 🔍 [CHECKER] Running global round checker at 2025-07-17T16:10:22.225Z
2025-07-18T00:10:22: 🔍 [CHECKER] No active tournaments found
2025-07-18T00:10:32: 🔍 [CHECKER] Running global round checker at 2025-07-17T16:10:32.225Z
2025-07-18T00:10:32: 🔍 [CHECKER] No active tournaments found
2025-07-18T00:10:42: 🔍 [CHECKER] Running global round checker at 2025-07-17T16:10:42.225Z
2025-07-18T00:10:42: 🔍 [CHECKER] No active tournaments found
2025-07-18T00:10:52: 🔍 [CHECKER] Running global round checker at 2025-07-17T16:10:52.225Z
2025-07-18T00:10:52: 🔍 [CHECKER] No active tournaments found
2025-07-18T00:11:02: 🔍 [CHECKER] Running global round checker at 2025-07-17T16:11:02.226Z
2025-07-18T00:11:02: 🔍 [CHECKER] No active tournaments found
2025-07-18T00:11:12: 🔍 [CHECKER] Running global round checker at 2025-07-17T16:11:12.226Z
2025-07-18T00:11:12: 🔍 [CHECKER] No active tournaments found
2025-07-18T00:11:22: 🔍 [CHECKER] Running global round checker at 2025-07-17T16:11:22.226Z
2025-07-18T00:11:22: 🔍 [CHECKER] No active tournaments found
2025-07-18T00:11:32: 🔍 [CHECKER] Running global round checker at 2025-07-17T16:11:32.226Z
2025-07-18T00:11:32: 🔍 [CHECKER] No active tournaments found
2025-07-18T00:11:42: 🔍 [CHECKER] Running global round checker at 2025-07-17T16:11:42.226Z
2025-07-18T00:11:42: 🔍 [CHECKER] No active tournaments found
2025-07-18T00:11:52: 🔍 [CHECKER] Running global round checker at 2025-07-17T16:11:52.226Z
2025-07-18T00:11:52: 🔍 [CHECKER] No active tournaments found
2025-07-18T00:12:02: 🔍 [CHECKER] Running global round checker at 2025-07-17T16:12:02.226Z
2025-07-18T00:12:02: 🔍 [CHECKER] No active tournaments found
2025-07-18T00:12:12: 🔍 [CHECKER] Running global round checker at 2025-07-17T16:12:12.226Z
2025-07-18T00:12:12: 🔍 [CHECKER] No active tournaments found
2025-07-18T00:12:22: 🔍 [CHECKER] Running global round checker at 2025-07-17T16:12:22.226Z
2025-07-18T00:12:22: 🔍 [CHECKER] No active tournaments found
2025-07-18T00:12:32: 🔍 [CHECKER] Running global round checker at 2025-07-17T16:12:32.226Z
2025-07-18T00:12:32: 🔍 [CHECKER] No active tournaments found
2025-07-18T00:12:42: 🔍 [CHECKER] Running global round checker at 2025-07-17T16:12:42.226Z
2025-07-18T00:12:42: 🔍 [CHECKER] No active tournaments found
2025-07-18T00:12:52: 🔍 [CHECKER] Running global round checker at 2025-07-17T16:12:52.226Z
2025-07-18T00:12:52: 🔍 [CHECKER] No active tournaments found
2025-07-18T00:13:02: 🔍 [CHECKER] Running global round checker at 2025-07-17T16:13:02.226Z
2025-07-18T00:13:02: 🔍 [CHECKER] No active tournaments found
2025-07-18T00:13:12: 🔍 [CHECKER] Running global round checker at 2025-07-17T16:13:12.227Z
2025-07-18T00:13:12: 🔍 [CHECKER] No active tournaments found
2025-07-18T00:13:22: 🔄 [SCHEDULER] Starting withdrawal processing at 2025-07-17T16:13:22.138Z
2025-07-18T00:13:22: 🔄 [AUTO-WD] Starting automated withdrawal processing...
2025-07-18T00:13:22: 📝 [AUTO-WD] Found 0 pending withdrawals
2025-07-18T00:13:22: ✅ [SCHEDULER] Withdrawal processing completed in 2ms
2025-07-18T00:13:22: 🔍 [CHECKER] Running global round checker at 2025-07-17T16:13:22.227Z
2025-07-18T00:13:22: 🔍 [CHECKER] No active tournaments found
2025-07-18T00:13:32: 🔍 [CHECKER] Running global round checker at 2025-07-17T16:13:32.227Z
2025-07-18T00:13:32: 🔍 [CHECKER] No active tournaments found
2025-07-18T00:13:42: 🔍 [CHECKER] Running global round checker at 2025-07-17T16:13:42.227Z
2025-07-18T00:13:42: 🔍 [CHECKER] No active tournaments found
2025-07-18T00:13:52: 🔍 [CHECKER] Running global round checker at 2025-07-17T16:13:52.228Z
2025-07-18T00:13:52: 🔍 [CHECKER] No active tournaments found
2025-07-18T00:14:02: 🔍 [CHECKER] Running global round checker at 2025-07-17T16:14:02.228Z
2025-07-18T00:14:02: 🔍 [CHECKER] No active tournaments found
2025-07-18T00:14:12: 🔍 [CHECKER] Running global round checker at 2025-07-17T16:14:12.228Z
2025-07-18T00:14:12: 🔍 [CHECKER] No active tournaments found
2025-07-18T00:14:22: 🔍 [CHECKER] Running global round checker at 2025-07-17T16:14:22.228Z
2025-07-18T00:14:22: 🔍 [CHECKER] No active tournaments found
2025-07-18T00:14:32: 🔍 [CHECKER] Running global round checker at 2025-07-17T16:14:32.228Z
2025-07-18T00:14:32: 🔍 [CHECKER] No active tournaments found
2025-07-18T00:14:42: 🔍 [CHECKER] Running global round checker at 2025-07-17T16:14:42.228Z
2025-07-18T00:14:42: 🔍 [CHECKER] No active tournaments found
2025-07-18T00:14:52: 🔍 [CHECKER] Running global round checker at 2025-07-17T16:14:52.228Z
2025-07-18T00:14:52: 🔍 [CHECKER] No active tournaments found
2025-07-18T00:15:02: 🔍 [CHECKER] Running global round checker at 2025-07-17T16:15:02.228Z
2025-07-18T00:15:02: 🔍 [CHECKER] No active tournaments found
2025-07-18T00:15:12: 🔍 [CHECKER] Running global round checker at 2025-07-17T16:15:12.228Z
2025-07-18T00:15:12: 🔍 [CHECKER] No active tournaments found
2025-07-18T00:15:22: 🔍 [CHECKER] Running global round checker at 2025-07-17T16:15:22.228Z
2025-07-18T00:15:22: 🔍 [CHECKER] No active tournaments found
2025-07-18T00:15:32: 🔍 [CHECKER] Running global round checker at 2025-07-17T16:15:32.228Z
2025-07-18T00:15:32: 🔍 [CHECKER] No active tournaments found
2025-07-18T00:15:42: 🔍 [CHECKER] Running global round checker at 2025-07-17T16:15:42.228Z
2025-07-18T00:15:42: 🔍 [CHECKER] No active tournaments found
2025-07-18T00:15:52: 🔍 [CHECKER] Running global round checker at 2025-07-17T16:15:52.228Z
2025-07-18T00:15:52: 🔍 [CHECKER] No active tournaments found
2025-07-18T00:16:02: 🔍 [CHECKER] Running global round checker at 2025-07-17T16:16:02.228Z
2025-07-18T00:16:02: 🔍 [CHECKER] No active tournaments found
2025-07-18T00:16:12: 🔍 [CHECKER] Running global round checker at 2025-07-17T16:16:12.228Z
2025-07-18T00:16:12: 🔍 [CHECKER] No active tournaments found
2025-07-18T00:16:22: 🔍 [CHECKER] Running global round checker at 2025-07-17T16:16:22.228Z
2025-07-18T00:16:22: 🔍 [CHECKER] No active tournaments found
2025-07-18T00:16:32: 🔍 [CHECKER] Running global round checker at 2025-07-17T16:16:32.228Z
2025-07-18T00:16:32: 🔍 [CHECKER] No active tournaments found
2025-07-18T00:16:42: 🔍 [CHECKER] Running global round checker at 2025-07-17T16:16:42.228Z
2025-07-18T00:16:42: 🔍 [CHECKER] No active tournaments found
2025-07-18T00:16:52: 🔍 [CHECKER] Running global round checker at 2025-07-17T16:16:52.229Z
2025-07-18T00:16:52: 🔍 [CHECKER] No active tournaments found
2025-07-18T00:17:02: 🔍 [CHECKER] Running global round checker at 2025-07-17T16:17:02.229Z
2025-07-18T00:17:02: 🔍 [CHECKER] No active tournaments found
2025-07-18T00:17:12: 🔍 [CHECKER] Running global round checker at 2025-07-17T16:17:12.229Z
2025-07-18T00:17:12: 🔍 [CHECKER] No active tournaments found
2025-07-18T00:17:22: 🔍 [CHECKER] Running global round checker at 2025-07-17T16:17:22.229Z
2025-07-18T00:17:22: 🔍 [CHECKER] No active tournaments found
2025-07-18T00:17:32: 🔍 [CHECKER] Running global round checker at 2025-07-17T16:17:32.229Z
2025-07-18T00:17:32: 🔍 [CHECKER] No active tournaments found
2025-07-18T00:17:42: 🔍 [CHECKER] Running global round checker at 2025-07-17T16:17:42.229Z
2025-07-18T00:17:42: 🔍 [CHECKER] No active tournaments found
2025-07-18T00:17:52: 🔍 [CHECKER] Running global round checker at 2025-07-17T16:17:52.229Z
2025-07-18T00:17:52: 🔍 [CHECKER] No active tournaments found
2025-07-18T00:18:02: 🔍 [CHECKER] Running global round checker at 2025-07-17T16:18:02.229Z
2025-07-18T00:18:02: 🔍 [CHECKER] No active tournaments found
2025-07-18T00:18:12: 🔍 [CHECKER] Running global round checker at 2025-07-17T16:18:12.229Z
2025-07-18T00:18:12: 🔍 [CHECKER] No active tournaments found
2025-07-18T00:18:22: 🔄 [SCHEDULER] Starting withdrawal processing at 2025-07-17T16:18:22.138Z
2025-07-18T00:18:22: 🔄 [AUTO-WD] Starting automated withdrawal processing...
2025-07-18T00:18:22: 📝 [AUTO-WD] Found 0 pending withdrawals
2025-07-18T00:18:22: ✅ [SCHEDULER] Withdrawal processing completed in 1ms
2025-07-18T00:18:22: 🔍 [DEPOSIT-SECURITY] Running automated security checks...
2025-07-18T00:18:22: ✅ [DEPOSIT-SECURITY] Security checks completed successfully
2025-07-18T00:18:22: 🔍 [CHECKER] Running global round checker at 2025-07-17T16:18:22.229Z
2025-07-18T00:18:22: 🔍 [CHECKER] No active tournaments found
2025-07-18T00:18:32: 🔍 [CHECKER] Running global round checker at 2025-07-17T16:18:32.229Z
2025-07-18T00:18:32: 🔍 [CHECKER] No active tournaments found
2025-07-18T00:18:42: 🔍 [CHECKER] Running global round checker at 2025-07-17T16:18:42.229Z
2025-07-18T00:18:42: 🔍 [CHECKER] No active tournaments found
2025-07-18T00:18:52: 🔍 [CHECKER] Running global round checker at 2025-07-17T16:18:52.229Z
2025-07-18T00:18:52: 🔍 [CHECKER] No active tournaments found
2025-07-18T00:19:02: 🔍 [CHECKER] Running global round checker at 2025-07-17T16:19:02.229Z
2025-07-18T00:19:02: 🔍 [CHECKER] No active tournaments found
2025-07-18T00:19:12: 🔍 [CHECKER] Running global round checker at 2025-07-17T16:19:12.229Z
2025-07-18T00:19:12: 🔍 [CHECKER] No active tournaments found
2025-07-18T00:19:22: 🔍 [CHECKER] Running global round checker at 2025-07-17T16:19:22.230Z
2025-07-18T00:19:22: 🔍 [CHECKER] No active tournaments found
2025-07-18T00:19:32: 🔍 [CHECKER] Running global round checker at 2025-07-17T16:19:32.230Z
2025-07-18T00:19:32: 🔍 [CHECKER] No active tournaments found
2025-07-18T00:19:42: 🔍 [CHECKER] Running global round checker at 2025-07-17T16:19:42.230Z
2025-07-18T00:19:42: 🔍 [CHECKER] No active tournaments found
2025-07-18T00:19:52: 🔍 [CHECKER] Running global round checker at 2025-07-17T16:19:52.230Z
2025-07-18T00:19:52: 🔍 [CHECKER] No active tournaments found
2025-07-18T00:20:02: 🔍 [CHECKER] Running global round checker at 2025-07-17T16:20:02.230Z
2025-07-18T00:20:02: 🔍 [CHECKER] No active tournaments found
2025-07-18T00:20:12: 🔍 [CHECKER] Running global round checker at 2025-07-17T16:20:12.230Z
2025-07-18T00:20:12: 🔍 [CHECKER] No active tournaments found
2025-07-18T00:20:22: 🔍 [CHECKER] Running global round checker at 2025-07-17T16:20:22.230Z
2025-07-18T00:20:22: 🔍 [CHECKER] No active tournaments found
2025-07-18T00:20:32: 🔍 [CHECKER] Running global round checker at 2025-07-17T16:20:32.230Z
2025-07-18T00:20:32: 🔍 [CHECKER] No active tournaments found
2025-07-18T00:20:42: 🔍 [CHECKER] Running global round checker at 2025-07-17T16:20:42.230Z
2025-07-18T00:20:42: 🔍 [CHECKER] No active tournaments found
2025-07-18T00:20:52: 🔍 [CHECKER] Running global round checker at 2025-07-17T16:20:52.230Z
2025-07-18T00:20:52: 🔍 [CHECKER] No active tournaments found
2025-07-18T00:21:02: 🔍 [CHECKER] Running global round checker at 2025-07-17T16:21:02.231Z
2025-07-18T00:21:02: 🔍 [CHECKER] No active tournaments found
2025-07-18T00:21:12: 🔍 [CHECKER] Running global round checker at 2025-07-17T16:21:12.232Z
2025-07-18T00:21:12: 🔍 [CHECKER] No active tournaments found
2025-07-18T00:21:22: 🔍 [CHECKER] Running global round checker at 2025-07-17T16:21:22.232Z
2025-07-18T00:21:22: 🔍 [CHECKER] No active tournaments found
2025-07-18T00:21:32: 🔍 [CHECKER] Running global round checker at 2025-07-17T16:21:32.232Z
2025-07-18T00:21:32: 🔍 [CHECKER] No active tournaments found
2025-07-18T00:21:42: 🔍 [CHECKER] Running global round checker at 2025-07-17T16:21:42.232Z
2025-07-18T00:21:42: 🔍 [CHECKER] No active tournaments found
2025-07-18T00:21:52: 🔍 [CHECKER] Running global round checker at 2025-07-17T16:21:52.232Z
2025-07-18T00:21:52: 🔍 [CHECKER] No active tournaments found
2025-07-18T00:22:02: 🔍 [CHECKER] Running global round checker at 2025-07-17T16:22:02.232Z
2025-07-18T00:22:02: 🔍 [CHECKER] No active tournaments found
2025-07-18T00:22:12: 🔍 [CHECKER] Running global round checker at 2025-07-17T16:22:12.233Z
2025-07-18T00:22:12: 🔍 [CHECKER] No active tournaments found
2025-07-18T00:22:22: 🔍 [CHECKER] Running global round checker at 2025-07-17T16:22:22.233Z
2025-07-18T00:22:22: 🔍 [CHECKER] No active tournaments found
2025-07-18T00:22:32: 🔍 [CHECKER] Running global round checker at 2025-07-17T16:22:32.233Z
2025-07-18T00:22:32: 🔍 [CHECKER] No active tournaments found
2025-07-18T00:22:42: 🔍 [CHECKER] Running global round checker at 2025-07-17T16:22:42.234Z
2025-07-18T00:22:42: 🔍 [CHECKER] No active tournaments found
2025-07-18T00:22:52: 🔍 [CHECKER] Running global round checker at 2025-07-17T16:22:52.234Z
2025-07-18T00:22:52: 🔍 [CHECKER] No active tournaments found
2025-07-18T00:23:02: 🔍 [CHECKER] Running global round checker at 2025-07-17T16:23:02.234Z
2025-07-18T00:23:02: 🔍 [CHECKER] No active tournaments found
2025-07-18T00:23:12: 🔍 [CHECKER] Running global round checker at 2025-07-17T16:23:12.234Z
2025-07-18T00:23:12: 🔍 [CHECKER] No active tournaments found
2025-07-18T00:23:22: 🔄 [SCHEDULER] Starting withdrawal processing at 2025-07-17T16:23:22.138Z
2025-07-18T00:23:22: 🔄 [AUTO-WD] Starting automated withdrawal processing...
2025-07-18T00:23:22: 📝 [AUTO-WD] Found 0 pending withdrawals
2025-07-18T00:23:22: ✅ [SCHEDULER] Withdrawal processing completed in 1ms
2025-07-18T00:23:22: 🔍 [CHECKER] Running global round checker at 2025-07-17T16:23:22.234Z
2025-07-18T00:23:22: 🔍 [CHECKER] No active tournaments found
2025-07-18T00:23:32: 🔍 [CHECKER] Running global round checker at 2025-07-17T16:23:32.235Z
2025-07-18T00:23:32: 🔍 [CHECKER] No active tournaments found
2025-07-18T00:23:42: 🔍 [CHECKER] Running global round checker at 2025-07-17T16:23:42.236Z
2025-07-18T00:23:42: 🔍 [CHECKER] No active tournaments found
2025-07-18T00:23:52: 🔍 [CHECKER] Running global round checker at 2025-07-17T16:23:52.236Z
2025-07-18T00:23:52: 🔍 [CHECKER] No active tournaments found
2025-07-18T00:24:02: 🔍 [CHECKER] Running global round checker at 2025-07-17T16:24:02.237Z
2025-07-18T00:24:02: 🔍 [CHECKER] No active tournaments found
2025-07-18T00:24:12: 🔍 [CHECKER] Running global round checker at 2025-07-17T16:24:12.237Z
2025-07-18T00:24:12: 🔍 [CHECKER] No active tournaments found
2025-07-18T00:24:22: 🔍 [CHECKER] Running global round checker at 2025-07-17T16:24:22.237Z
2025-07-18T00:24:22: 🔍 [CHECKER] No active tournaments found
2025-07-18T00:24:32: 🔍 [CHECKER] Running global round checker at 2025-07-17T16:24:32.237Z
2025-07-18T00:24:32: 🔍 [CHECKER] No active tournaments found
2025-07-18T00:24:42: 🔍 [CHECKER] Running global round checker at 2025-07-17T16:24:42.238Z
2025-07-18T00:24:42: 🔍 [CHECKER] No active tournaments found
2025-07-18T00:24:52: 🔍 [CHECKER] Running global round checker at 2025-07-17T16:24:52.238Z
2025-07-18T00:24:52: 🔍 [CHECKER] No active tournaments found
2025-07-18T00:25:02: 🔍 [CHECKER] Running global round checker at 2025-07-17T16:25:02.239Z
2025-07-18T00:25:02: 🔍 [CHECKER] No active tournaments found
2025-07-18T00:25:12: 🔍 [CHECKER] Running global round checker at 2025-07-17T16:25:12.239Z
2025-07-18T00:25:12: 🔍 [CHECKER] No active tournaments found
2025-07-18T00:25:22: 🔍 [CHECKER] Running global round checker at 2025-07-17T16:25:22.239Z
2025-07-18T00:25:22: 🔍 [CHECKER] No active tournaments found
2025-07-18T00:25:32: 🔍 [CHECKER] Running global round checker at 2025-07-17T16:25:32.239Z
2025-07-18T00:25:32: 🔍 [CHECKER] No active tournaments found
2025-07-18T00:25:42: 🔍 [CHECKER] Running global round checker at 2025-07-17T16:25:42.239Z
2025-07-18T00:25:42: 🔍 [CHECKER] No active tournaments found
2025-07-18T00:25:52: 🔍 [CHECKER] Running global round checker at 2025-07-17T16:25:52.239Z
2025-07-18T00:25:52: 🔍 [CHECKER] No active tournaments found
2025-07-18T00:26:02: 🔍 [CHECKER] Running global round checker at 2025-07-17T16:26:02.240Z
2025-07-18T00:26:02: 🔍 [CHECKER] No active tournaments found
2025-07-18T00:26:12: 🔍 [CHECKER] Running global round checker at 2025-07-17T16:26:12.240Z
2025-07-18T00:26:12: 🔍 [CHECKER] No active tournaments found
2025-07-18T00:26:22: 🔍 [CHECKER] Running global round checker at 2025-07-17T16:26:22.240Z
2025-07-18T00:26:22: 🔍 [CHECKER] No active tournaments found
2025-07-18T00:26:32: 🔍 [CHECKER] Running global round checker at 2025-07-17T16:26:32.240Z
2025-07-18T00:26:32: 🔍 [CHECKER] No active tournaments found
2025-07-18T00:26:42: 🔍 [CHECKER] Running global round checker at 2025-07-17T16:26:42.240Z
2025-07-18T00:26:42: 🔍 [CHECKER] No active tournaments found
2025-07-18T00:26:52: 🔍 [CHECKER] Running global round checker at 2025-07-17T16:26:52.240Z
2025-07-18T00:26:52: 🔍 [CHECKER] No active tournaments found
2025-07-18T00:27:02: 🔍 [CHECKER] Running global round checker at 2025-07-17T16:27:02.241Z
2025-07-18T00:27:02: 🔍 [CHECKER] No active tournaments found
2025-07-18T00:27:12: 🔍 [CHECKER] Running global round checker at 2025-07-17T16:27:12.242Z
2025-07-18T00:27:12: 🔍 [CHECKER] No active tournaments found
2025-07-18T00:27:22: 🔍 [CHECKER] Running global round checker at 2025-07-17T16:27:22.242Z
2025-07-18T00:27:22: 🔍 [CHECKER] No active tournaments found
2025-07-18T00:27:32: 🔍 [CHECKER] Running global round checker at 2025-07-17T16:27:32.243Z
2025-07-18T00:27:32: 🔍 [CHECKER] No active tournaments found
2025-07-18T00:27:42: 🔍 [CHECKER] Running global round checker at 2025-07-17T16:27:42.243Z
2025-07-18T00:27:42: 🔍 [CHECKER] No active tournaments found
2025-07-18T00:27:52: 🔍 [CHECKER] Running global round checker at 2025-07-17T16:27:52.243Z
2025-07-18T00:27:52: 🔍 [CHECKER] No active tournaments found
2025-07-18T00:28:02: 🔍 [CHECKER] Running global round checker at 2025-07-17T16:28:02.244Z
2025-07-18T00:28:02: 🔍 [CHECKER] No active tournaments found
2025-07-18T00:28:12: 🔍 [CHECKER] Running global round checker at 2025-07-17T16:28:12.244Z
2025-07-18T00:28:12: 🔍 [CHECKER] No active tournaments found
2025-07-18T00:28:22: 🔄 [SCHEDULER] Starting withdrawal processing at 2025-07-17T16:28:22.138Z
2025-07-18T00:28:22: 🔄 [AUTO-WD] Starting automated withdrawal processing...
2025-07-18T00:28:22: 📝 [AUTO-WD] Found 0 pending withdrawals
2025-07-18T00:28:22: ✅ [SCHEDULER] Withdrawal processing completed in 1ms
2025-07-18T00:28:22: 🔍 [DEPOSIT-SECURITY] Running automated security checks...
2025-07-18T00:28:22: ✅ [DEPOSIT-SECURITY] Security checks completed successfully
2025-07-18T00:28:22: 🔍 [CHECKER] Running global round checker at 2025-07-17T16:28:22.244Z
2025-07-18T00:28:22: 🔍 [CHECKER] No active tournaments found
2025-07-18T00:28:32: 🔍 [CHECKER] Running global round checker at 2025-07-17T16:28:32.244Z
2025-07-18T00:28:32: 🔍 [CHECKER] No active tournaments found
2025-07-18T00:28:42: 🔍 [CHECKER] Running global round checker at 2025-07-17T16:28:42.244Z
2025-07-18T00:28:42: 🔍 [CHECKER] No active tournaments found
2025-07-18T00:28:52: 🔍 [CHECKER] Running global round checker at 2025-07-17T16:28:52.244Z
2025-07-18T00:28:52: 🔍 [CHECKER] No active tournaments found
2025-07-18T00:29:02: 🔍 [CHECKER] Running global round checker at 2025-07-17T16:29:02.244Z
2025-07-18T00:29:02: 🔍 [CHECKER] No active tournaments found
2025-07-18T00:29:12: 🔍 [CHECKER] Running global round checker at 2025-07-17T16:29:12.244Z
2025-07-18T00:29:12: 🔍 [CHECKER] No active tournaments found
2025-07-18T00:29:22: 🔍 [CHECKER] Running global round checker at 2025-07-17T16:29:22.244Z
2025-07-18T00:29:22: 🔍 [CHECKER] No active tournaments found
2025-07-18T00:29:32: 🔍 [CHECKER] Running global round checker at 2025-07-17T16:29:32.244Z
2025-07-18T00:29:32: 🔍 [CHECKER] No active tournaments found
2025-07-18T00:29:42: 🔍 [CHECKER] Running global round checker at 2025-07-17T16:29:42.245Z
2025-07-18T00:29:42: 🔍 [CHECKER] No active tournaments found
2025-07-18T00:29:52: 🔍 [CHECKER] Running global round checker at 2025-07-17T16:29:52.245Z
2025-07-18T00:29:52: 🔍 [CHECKER] No active tournaments found
2025-07-18T00:30:02: 🔍 [CHECKER] Running global round checker at 2025-07-17T16:30:02.245Z
2025-07-18T00:30:02: 🔍 [CHECKER] No active tournaments found
2025-07-18T00:30:12: 🔍 [CHECKER] Running global round checker at 2025-07-17T16:30:12.245Z
2025-07-18T00:30:12: 🔍 [CHECKER] No active tournaments found
2025-07-18T00:30:22: 🔍 [CHECKER] Running global round checker at 2025-07-17T16:30:22.245Z
2025-07-18T00:30:22: 🔍 [CHECKER] No active tournaments found
2025-07-18T00:30:32: 🔍 [CHECKER] Running global round checker at 2025-07-17T16:30:32.246Z
2025-07-18T00:30:32: 🔍 [CHECKER] No active tournaments found
2025-07-18T00:30:42: 🔍 [CHECKER] Running global round checker at 2025-07-17T16:30:42.247Z
2025-07-18T00:30:42: 🔍 [CHECKER] No active tournaments found
2025-07-18T00:30:52: 🔍 [CHECKER] Running global round checker at 2025-07-17T16:30:52.247Z
2025-07-18T00:30:52: 🔍 [CHECKER] No active tournaments found
2025-07-18T00:31:02: 🔍 [CHECKER] Running global round checker at 2025-07-17T16:31:02.247Z
2025-07-18T00:31:02: 🔍 [CHECKER] No active tournaments found
2025-07-18T00:31:12: 🔍 [CHECKER] Running global round checker at 2025-07-17T16:31:12.248Z
2025-07-18T00:31:12: 🔍 [CHECKER] No active tournaments found
2025-07-18T00:31:22: 🔍 [CHECKER] Running global round checker at 2025-07-17T16:31:22.248Z
2025-07-18T00:31:22: 🔍 [CHECKER] No active tournaments found
2025-07-18T00:31:32: 🔍 [CHECKER] Running global round checker at 2025-07-17T16:31:32.248Z
2025-07-18T00:31:32: 🔍 [CHECKER] No active tournaments found
2025-07-18T00:31:42: 🔍 [CHECKER] Running global round checker at 2025-07-17T16:31:42.248Z
2025-07-18T00:31:42: 🔍 [CHECKER] No active tournaments found
2025-07-18T00:31:52: 🔍 [CHECKER] Running global round checker at 2025-07-17T16:31:52.248Z
2025-07-18T00:31:52: 🔍 [CHECKER] No active tournaments found
2025-07-18T00:32:02: 🔍 [CHECKER] Running global round checker at 2025-07-17T16:32:02.248Z
2025-07-18T00:32:02: 🔍 [CHECKER] No active tournaments found
2025-07-18T00:32:12: 🔍 [CHECKER] Running global round checker at 2025-07-17T16:32:12.248Z
2025-07-18T00:32:12: 🔍 [CHECKER] No active tournaments found
2025-07-18T00:32:22: 🔍 [CHECKER] Running global round checker at 2025-07-17T16:32:22.248Z
2025-07-18T00:32:22: 🔍 [CHECKER] No active tournaments found
2025-07-18T00:32:32: 🔍 [CHECKER] Running global round checker at 2025-07-17T16:32:32.248Z
2025-07-18T00:32:32: 🔍 [CHECKER] No active tournaments found
2025-07-18T00:32:42: 🔍 [CHECKER] Running global round checker at 2025-07-17T16:32:42.249Z
2025-07-18T00:32:42: 🔍 [CHECKER] No active tournaments found
2025-07-18T00:32:52: 🔍 [CHECKER] Running global round checker at 2025-07-17T16:32:52.249Z
2025-07-18T00:32:52: 🔍 [CHECKER] No active tournaments found
2025-07-18T00:33:02: 🔍 [CHECKER] Running global round checker at 2025-07-17T16:33:02.249Z
2025-07-18T00:33:02: 🔍 [CHECKER] No active tournaments found
2025-07-18T00:33:12: 🔍 [CHECKER] Running global round checker at 2025-07-17T16:33:12.249Z
2025-07-18T00:33:12: 🔍 [CHECKER] No active tournaments found
2025-07-18T00:33:22: 🔄 [SCHEDULER] Starting withdrawal processing at 2025-07-17T16:33:22.138Z
2025-07-18T00:33:22: 🔄 [AUTO-WD] Starting automated withdrawal processing...
2025-07-18T00:33:22: 📝 [AUTO-WD] Found 0 pending withdrawals
2025-07-18T00:33:22: ✅ [SCHEDULER] Withdrawal processing completed in 2ms
2025-07-18T00:33:22: 🔍 [CHECKER] Running global round checker at 2025-07-17T16:33:22.249Z
2025-07-18T00:33:22: 🔍 [CHECKER] No active tournaments found
2025-07-18T00:33:32: 🔍 [CHECKER] Running global round checker at 2025-07-17T16:33:32.249Z
2025-07-18T00:33:32: 🔍 [CHECKER] No active tournaments found
2025-07-18T00:33:42: 🔍 [CHECKER] Running global round checker at 2025-07-17T16:33:42.249Z
2025-07-18T00:33:42: 🔍 [CHECKER] No active tournaments found
2025-07-18T00:33:52: 🔍 [CHECKER] Running global round checker at 2025-07-17T16:33:52.249Z
2025-07-18T00:33:52: 🔍 [CHECKER] No active tournaments found
2025-07-18T00:34:02: 🔍 [CHECKER] Running global round checker at 2025-07-17T16:34:02.249Z
2025-07-18T00:34:02: 🔍 [CHECKER] No active tournaments found
2025-07-18T00:34:12: 🔍 [CHECKER] Running global round checker at 2025-07-17T16:34:12.250Z
2025-07-18T00:34:12: 🔍 [CHECKER] No active tournaments found
2025-07-18T00:34:22: 🔍 [CHECKER] Running global round checker at 2025-07-17T16:34:22.250Z
2025-07-18T00:34:22: 🔍 [CHECKER] No active tournaments found
2025-07-18T00:34:32: 🔍 [CHECKER] Running global round checker at 2025-07-17T16:34:32.250Z
2025-07-18T00:34:32: 🔍 [CHECKER] No active tournaments found
2025-07-18T00:34:42: 🔍 [CHECKER] Running global round checker at 2025-07-17T16:34:42.250Z
2025-07-18T00:34:42: 🔍 [CHECKER] No active tournaments found
2025-07-18T00:34:52: 🔍 [CHECKER] Running global round checker at 2025-07-17T16:34:52.251Z
2025-07-18T00:34:52: 🔍 [CHECKER] No active tournaments found
2025-07-18T00:35:02: 🔍 [CHECKER] Running global round checker at 2025-07-17T16:35:02.251Z
2025-07-18T00:35:02: 🔍 [CHECKER] No active tournaments found
2025-07-18T00:35:12: 🔍 [CHECKER] Running global round checker at 2025-07-17T16:35:12.251Z
2025-07-18T00:35:12: 🔍 [CHECKER] No active tournaments found
2025-07-18T00:35:22: 🔍 [CHECKER] Running global round checker at 2025-07-17T16:35:22.251Z
2025-07-18T00:35:22: 🔍 [CHECKER] No active tournaments found
2025-07-18T00:35:32: 🔍 [CHECKER] Running global round checker at 2025-07-17T16:35:32.251Z
2025-07-18T00:35:32: 🔍 [CHECKER] No active tournaments found
2025-07-18T00:35:42: 🔍 [CHECKER] Running global round checker at 2025-07-17T16:35:42.251Z
2025-07-18T00:35:42: 🔍 [CHECKER] No active tournaments found
2025-07-18T00:35:52: 🔍 [CHECKER] Running global round checker at 2025-07-17T16:35:52.251Z
2025-07-18T00:35:52: 🔍 [CHECKER] No active tournaments found
2025-07-18T00:36:02: 🔍 [CHECKER] Running global round checker at 2025-07-17T16:36:02.252Z
2025-07-18T00:36:02: 🔍 [CHECKER] No active tournaments found
2025-07-18T00:36:12: 🔍 [CHECKER] Running global round checker at 2025-07-17T16:36:12.252Z
2025-07-18T00:36:12: 🔍 [CHECKER] No active tournaments found
2025-07-18T00:36:22: 🔍 [CHECKER] Running global round checker at 2025-07-17T16:36:22.252Z
2025-07-18T00:36:22: 🔍 [CHECKER] No active tournaments found
2025-07-18T00:36:32: 🔍 [CHECKER] Running global round checker at 2025-07-17T16:36:32.252Z
2025-07-18T00:36:32: 🔍 [CHECKER] No active tournaments found
2025-07-18T00:36:42: 🔍 [CHECKER] Running global round checker at 2025-07-17T16:36:42.252Z
2025-07-18T00:36:42: 🔍 [CHECKER] No active tournaments found
2025-07-18T00:36:52: 🔍 [CHECKER] Running global round checker at 2025-07-17T16:36:52.253Z
2025-07-18T00:36:52: 🔍 [CHECKER] No active tournaments found
2025-07-18T00:37:02: 🔍 [CHECKER] Running global round checker at 2025-07-17T16:37:02.254Z
2025-07-18T00:37:02: 🔍 [CHECKER] No active tournaments found
2025-07-18T00:37:12: 🔍 [CHECKER] Running global round checker at 2025-07-17T16:37:12.255Z
2025-07-18T00:37:12: 🔍 [CHECKER] No active tournaments found
2025-07-18T00:37:22: 🔍 [CHECKER] Running global round checker at 2025-07-17T16:37:22.255Z
2025-07-18T00:37:22: 🔍 [CHECKER] No active tournaments found
2025-07-18T00:37:32: 🔍 [CHECKER] Running global round checker at 2025-07-17T16:37:32.257Z
2025-07-18T00:37:32: 🔍 [CHECKER] No active tournaments found
2025-07-18T00:37:42: 🔍 [CHECKER] Running global round checker at 2025-07-17T16:37:42.258Z
2025-07-18T00:37:42: 🔍 [CHECKER] No active tournaments found
2025-07-18T00:37:52: 🔍 [CHECKER] Running global round checker at 2025-07-17T16:37:52.258Z
2025-07-18T00:37:52: 🔍 [CHECKER] No active tournaments found
2025-07-18T00:38:02: 🔍 [CHECKER] Running global round checker at 2025-07-17T16:38:02.259Z
2025-07-18T00:38:02: 🔍 [CHECKER] No active tournaments found
2025-07-18T00:38:12: 🔍 [CHECKER] Running global round checker at 2025-07-17T16:38:12.260Z
2025-07-18T00:38:12: 🔍 [CHECKER] No active tournaments found
2025-07-18T00:38:22: 🔄 [SCHEDULER] Starting withdrawal processing at 2025-07-17T16:38:22.138Z
2025-07-18T00:38:22: 🔄 [AUTO-WD] Starting automated withdrawal processing...
2025-07-18T00:38:22: 📝 [AUTO-WD] Found 0 pending withdrawals
2025-07-18T00:38:22: ✅ [SCHEDULER] Withdrawal processing completed in 1ms
2025-07-18T00:38:22: 🔍 [DEPOSIT-SECURITY] Running automated security checks...
2025-07-18T00:38:22: ✅ [DEPOSIT-SECURITY] Security checks completed successfully
2025-07-18T00:38:22: 🔍 [CHECKER] Running global round checker at 2025-07-17T16:38:22.260Z
2025-07-18T00:38:22: 🔍 [CHECKER] No active tournaments found
2025-07-18T00:38:32: 🔍 [CHECKER] Running global round checker at 2025-07-17T16:38:32.260Z
2025-07-18T00:38:32: 🔍 [CHECKER] No active tournaments found
2025-07-18T00:38:42: 🔍 [CHECKER] Running global round checker at 2025-07-17T16:38:42.260Z
2025-07-18T00:38:42: 🔍 [CHECKER] No active tournaments found
2025-07-18T00:38:52: 🔍 [CHECKER] Running global round checker at 2025-07-17T16:38:52.260Z
2025-07-18T00:38:52: 🔍 [CHECKER] No active tournaments found
2025-07-18T00:39:02: 🔍 [CHECKER] Running global round checker at 2025-07-17T16:39:02.261Z
2025-07-18T00:39:02: 🔍 [CHECKER] No active tournaments found
2025-07-18T00:39:12: 🔍 [CHECKER] Running global round checker at 2025-07-17T16:39:12.262Z
2025-07-18T00:39:12: 🔍 [CHECKER] No active tournaments found
2025-07-18T00:39:22: 🔍 [CHECKER] Running global round checker at 2025-07-17T16:39:22.262Z
2025-07-18T00:39:22: 🔍 [CHECKER] No active tournaments found
2025-07-18T00:39:32: 🔍 [CHECKER] Running global round checker at 2025-07-17T16:39:32.262Z
2025-07-18T00:39:32: 🔍 [CHECKER] No active tournaments found
2025-07-18T00:39:42: 🔍 [CHECKER] Running global round checker at 2025-07-17T16:39:42.263Z
2025-07-18T00:39:42: 🔍 [CHECKER] No active tournaments found
2025-07-18T00:39:52: 🔍 [CHECKER] Running global round checker at 2025-07-17T16:39:52.263Z
2025-07-18T00:39:52: 🔍 [CHECKER] No active tournaments found
2025-07-18T00:40:02: 🔍 [CHECKER] Running global round checker at 2025-07-17T16:40:02.263Z
2025-07-18T00:40:02: 🔍 [CHECKER] No active tournaments found
2025-07-18T00:40:12: 🔍 [CHECKER] Running global round checker at 2025-07-17T16:40:12.263Z
2025-07-18T00:40:12: 🔍 [CHECKER] No active tournaments found
2025-07-18T00:40:22: 🔍 [CHECKER] Running global round checker at 2025-07-17T16:40:22.263Z
2025-07-18T00:40:22: 🔍 [CHECKER] No active tournaments found
2025-07-18T00:40:32: 🔍 [CHECKER] Running global round checker at 2025-07-17T16:40:32.263Z
2025-07-18T00:40:32: 🔍 [CHECKER] No active tournaments found
2025-07-18T00:40:42: 🔍 [CHECKER] Running global round checker at 2025-07-17T16:40:42.263Z
2025-07-18T00:40:42: 🔍 [CHECKER] No active tournaments found
2025-07-18T00:40:52: 🔍 [CHECKER] Running global round checker at 2025-07-17T16:40:52.263Z
2025-07-18T00:40:52: 🔍 [CHECKER] No active tournaments found
2025-07-18T00:41:02: 🔍 [CHECKER] Running global round checker at 2025-07-17T16:41:02.264Z
2025-07-18T00:41:02: 🔍 [CHECKER] No active tournaments found
2025-07-18T00:41:12: 🔍 [CHECKER] Running global round checker at 2025-07-17T16:41:12.264Z
2025-07-18T00:41:12: 🔍 [CHECKER] No active tournaments found
2025-07-18T00:41:22: 🔍 [CHECKER] Running global round checker at 2025-07-17T16:41:22.264Z
2025-07-18T00:41:22: 🔍 [CHECKER] No active tournaments found
2025-07-18T00:41:32: 🔍 [CHECKER] Running global round checker at 2025-07-17T16:41:32.265Z
2025-07-18T00:41:32: 🔍 [CHECKER] No active tournaments found
2025-07-18T00:41:42: 🔍 [CHECKER] Running global round checker at 2025-07-17T16:41:42.266Z
2025-07-18T00:41:42: 🔍 [CHECKER] No active tournaments found
2025-07-18T00:41:52: 🔍 [CHECKER] Running global round checker at 2025-07-17T16:41:52.266Z
2025-07-18T00:41:52: 🔍 [CHECKER] No active tournaments found
2025-07-18T00:42:02: 🔍 [CHECKER] Running global round checker at 2025-07-17T16:42:02.266Z
2025-07-18T00:42:02: 🔍 [CHECKER] No active tournaments found
2025-07-18T00:42:12: 🔍 [CHECKER] Running global round checker at 2025-07-17T16:42:12.267Z
2025-07-18T00:42:12: 🔍 [CHECKER] No active tournaments found
2025-07-18T00:42:22: 🔍 [CHECKER] Running global round checker at 2025-07-17T16:42:22.267Z
2025-07-18T00:42:22: 🔍 [CHECKER] No active tournaments found
2025-07-18T00:42:32: 🔍 [CHECKER] Running global round checker at 2025-07-17T16:42:32.267Z
2025-07-18T00:42:32: 🔍 [CHECKER] No active tournaments found
2025-07-18T00:42:42: 🔍 [CHECKER] Running global round checker at 2025-07-17T16:42:42.268Z
2025-07-18T00:42:42: 🔍 [CHECKER] No active tournaments found
2025-07-18T00:42:52: 🔍 [CHECKER] Running global round checker at 2025-07-17T16:42:52.268Z
2025-07-18T00:42:52: 🔍 [CHECKER] No active tournaments found
2025-07-18T00:43:02: 🔍 [CHECKER] Running global round checker at 2025-07-17T16:43:02.269Z
2025-07-18T00:43:02: 🔍 [CHECKER] No active tournaments found
2025-07-18T00:43:12: 🔍 [CHECKER] Running global round checker at 2025-07-17T16:43:12.269Z
2025-07-18T00:43:12: 🔍 [CHECKER] No active tournaments found
2025-07-18T00:43:22: 🔄 [SCHEDULER] Starting withdrawal processing at 2025-07-17T16:43:22.138Z
2025-07-18T00:43:22: 🔄 [AUTO-WD] Starting automated withdrawal processing...
2025-07-18T00:43:22: 📝 [AUTO-WD] Found 0 pending withdrawals
2025-07-18T00:43:22: ✅ [SCHEDULER] Withdrawal processing completed in 2ms
2025-07-18T00:43:22: 🔍 [CHECKER] Running global round checker at 2025-07-17T16:43:22.269Z
2025-07-18T00:43:22: 🔍 [CHECKER] No active tournaments found
2025-07-18T00:43:32: 🔍 [CHECKER] Running global round checker at 2025-07-17T16:43:32.269Z
2025-07-18T00:43:32: 🔍 [CHECKER] No active tournaments found
2025-07-18T00:43:42: 🔍 [CHECKER] Running global round checker at 2025-07-17T16:43:42.269Z
2025-07-18T00:43:42: 🔍 [CHECKER] No active tournaments found
2025-07-18T00:43:52: 🔍 [CHECKER] Running global round checker at 2025-07-17T16:43:52.269Z
2025-07-18T00:43:52: 🔍 [CHECKER] No active tournaments found
2025-07-18T00:44:02: 🔍 [CHECKER] Running global round checker at 2025-07-17T16:44:02.270Z
2025-07-18T00:44:02: 🔍 [CHECKER] No active tournaments found
2025-07-18T00:44:12: 🔍 [CHECKER] Running global round checker at 2025-07-17T16:44:12.271Z
2025-07-18T00:44:12: 🔍 [CHECKER] No active tournaments found
2025-07-18T00:44:22: 🔍 [CHECKER] Running global round checker at 2025-07-17T16:44:22.272Z
2025-07-18T00:44:22: 🔍 [CHECKER] No active tournaments found
2025-07-18T00:44:32: 🔍 [CHECKER] Running global round checker at 2025-07-17T16:44:32.272Z
2025-07-18T00:44:32: 🔍 [CHECKER] No active tournaments found
2025-07-18T00:44:42: 🔍 [CHECKER] Running global round checker at 2025-07-17T16:44:42.272Z
2025-07-18T00:44:42: 🔍 [CHECKER] No active tournaments found
2025-07-18T00:44:52: 🔍 [CHECKER] Running global round checker at 2025-07-17T16:44:52.272Z
2025-07-18T00:44:52: 🔍 [CHECKER] No active tournaments found
2025-07-18T00:45:02: 🔍 [CHECKER] Running global round checker at 2025-07-17T16:45:02.272Z
2025-07-18T00:45:02: 🔍 [CHECKER] No active tournaments found
2025-07-18T00:45:12: 🔍 [CHECKER] Running global round checker at 2025-07-17T16:45:12.272Z
2025-07-18T00:45:12: 🔍 [CHECKER] No active tournaments found
2025-07-18T00:45:22: 🔍 [CHECKER] Running global round checker at 2025-07-17T16:45:22.272Z
2025-07-18T00:45:22: 🔍 [CHECKER] No active tournaments found
2025-07-18T00:45:32: 🔍 [CHECKER] Running global round checker at 2025-07-17T16:45:32.272Z
2025-07-18T00:45:32: 🔍 [CHECKER] No active tournaments found
2025-07-18T00:45:42: 🔍 [CHECKER] Running global round checker at 2025-07-17T16:45:42.273Z
2025-07-18T00:45:42: 🔍 [CHECKER] No active tournaments found
2025-07-18T00:45:52: 🔍 [CHECKER] Running global round checker at 2025-07-17T16:45:52.273Z
2025-07-18T00:45:52: 🔍 [CHECKER] No active tournaments found
2025-07-18T00:46:02: 🔍 [CHECKER] Running global round checker at 2025-07-17T16:46:02.274Z
2025-07-18T00:46:02: 🔍 [CHECKER] No active tournaments found
2025-07-18T00:46:12: 🔍 [CHECKER] Running global round checker at 2025-07-17T16:46:12.274Z
2025-07-18T00:46:12: 🔍 [CHECKER] No active tournaments found
2025-07-18T00:46:22: 🔍 [CHECKER] Running global round checker at 2025-07-17T16:46:22.274Z
2025-07-18T00:46:22: 🔍 [CHECKER] No active tournaments found
2025-07-18T00:46:32: 🔍 [CHECKER] Running global round checker at 2025-07-17T16:46:32.274Z
2025-07-18T00:46:32: 🔍 [CHECKER] No active tournaments found
2025-07-18T00:46:42: 🔍 [CHECKER] Running global round checker at 2025-07-17T16:46:42.274Z
2025-07-18T00:46:42: 🔍 [CHECKER] No active tournaments found
2025-07-18T00:46:52: 🔍 [CHECKER] Running global round checker at 2025-07-17T16:46:52.274Z
2025-07-18T00:46:52: 🔍 [CHECKER] No active tournaments found
2025-07-18T00:47:02: 🔍 [CHECKER] Running global round checker at 2025-07-17T16:47:02.274Z
2025-07-18T00:47:02: 🔍 [CHECKER] No active tournaments found
2025-07-18T00:47:12: 🔍 [CHECKER] Running global round checker at 2025-07-17T16:47:12.275Z
2025-07-18T00:47:12: 🔍 [CHECKER] No active tournaments found
2025-07-18T00:47:22: 🔍 [CHECKER] Running global round checker at 2025-07-17T16:47:22.275Z
2025-07-18T00:47:22: 🔍 [CHECKER] No active tournaments found
2025-07-18T00:47:32: 🔍 [CHECKER] Running global round checker at 2025-07-17T16:47:32.276Z
2025-07-18T00:47:32: 🔍 [CHECKER] No active tournaments found
2025-07-18T00:47:42: 🔍 [CHECKER] Running global round checker at 2025-07-17T16:47:42.276Z
2025-07-18T00:47:42: 🔍 [CHECKER] No active tournaments found
2025-07-18T00:47:52: 🔍 [CHECKER] Running global round checker at 2025-07-17T16:47:52.277Z
2025-07-18T00:47:52: 🔍 [CHECKER] No active tournaments found
2025-07-18T00:48:02: 🔍 [CHECKER] Running global round checker at 2025-07-17T16:48:02.277Z
2025-07-18T00:48:02: 🔍 [CHECKER] No active tournaments found
2025-07-18T00:48:12: 🔍 [CHECKER] Running global round checker at 2025-07-17T16:48:12.277Z
2025-07-18T00:48:12: 🔍 [CHECKER] No active tournaments found
2025-07-18T00:48:22: 🔄 [SCHEDULER] Starting withdrawal processing at 2025-07-17T16:48:22.138Z
2025-07-18T00:48:22: 🔄 [AUTO-WD] Starting automated withdrawal processing...
2025-07-18T00:48:22: 📝 [AUTO-WD] Found 0 pending withdrawals
2025-07-18T00:48:22: ✅ [SCHEDULER] Withdrawal processing completed in 2ms
2025-07-18T00:48:22: 🔍 [DEPOSIT-SECURITY] Running automated security checks...
2025-07-18T00:48:22: ✅ [DEPOSIT-SECURITY] Security checks completed successfully
2025-07-18T00:48:22: 🔍 [CHECKER] Running global round checker at 2025-07-17T16:48:22.277Z
2025-07-18T00:48:22: 🔍 [CHECKER] No active tournaments found
2025-07-18T00:48:32: 🔍 [CHECKER] Running global round checker at 2025-07-17T16:48:32.277Z
2025-07-18T00:48:32: 🔍 [CHECKER] No active tournaments found
2025-07-18T00:48:42: 🔍 [CHECKER] Running global round checker at 2025-07-17T16:48:42.277Z
2025-07-18T00:48:42: 🔍 [CHECKER] No active tournaments found
2025-07-18T00:48:52: 🔍 [CHECKER] Running global round checker at 2025-07-17T16:48:52.277Z
2025-07-18T00:48:52: 🔍 [CHECKER] No active tournaments found
2025-07-18T00:49:02: 🔍 [CHECKER] Running global round checker at 2025-07-17T16:49:02.277Z
2025-07-18T00:49:02: 🔍 [CHECKER] No active tournaments found
2025-07-18T00:49:12: 🔍 [CHECKER] Running global round checker at 2025-07-17T16:49:12.277Z
2025-07-18T00:49:12: 🔍 [CHECKER] No active tournaments found
2025-07-18T00:49:22: 🔍 [CHECKER] Running global round checker at 2025-07-17T16:49:22.277Z
2025-07-18T00:49:22: 🔍 [CHECKER] No active tournaments found
2025-07-18T00:49:32: 🔍 [CHECKER] Running global round checker at 2025-07-17T16:49:32.277Z
2025-07-18T00:49:32: 🔍 [CHECKER] No active tournaments found
2025-07-18T00:49:42: 🔍 [CHECKER] Running global round checker at 2025-07-17T16:49:42.277Z
2025-07-18T00:49:42: 🔍 [CHECKER] No active tournaments found
2025-07-18T00:49:52: 🔍 [CHECKER] Running global round checker at 2025-07-17T16:49:52.277Z
2025-07-18T00:49:52: 🔍 [CHECKER] No active tournaments found
2025-07-18T00:50:02: 🔍 [CHECKER] Running global round checker at 2025-07-17T16:50:02.277Z
2025-07-18T00:50:02: 🔍 [CHECKER] No active tournaments found
2025-07-18T00:50:12: 🔍 [CHECKER] Running global round checker at 2025-07-17T16:50:12.278Z
2025-07-18T00:50:12: 🔍 [CHECKER] No active tournaments found
2025-07-18T00:50:22: 🔍 [CHECKER] Running global round checker at 2025-07-17T16:50:22.278Z
2025-07-18T00:50:22: 🔍 [CHECKER] No active tournaments found
2025-07-18T00:50:32: 🔍 [CHECKER] Running global round checker at 2025-07-17T16:50:32.278Z
2025-07-18T00:50:32: 🔍 [CHECKER] No active tournaments found
2025-07-18T00:50:42: 🔍 [CHECKER] Running global round checker at 2025-07-17T16:50:42.278Z
2025-07-18T00:50:42: 🔍 [CHECKER] No active tournaments found
2025-07-18T00:50:52: 🔍 [CHECKER] Running global round checker at 2025-07-17T16:50:52.278Z
2025-07-18T00:50:52: 🔍 [CHECKER] No active tournaments found
2025-07-18T00:51:02: 🔍 [CHECKER] Running global round checker at 2025-07-17T16:51:02.278Z
2025-07-18T00:51:02: 🔍 [CHECKER] No active tournaments found
2025-07-18T00:51:12: 🔍 [CHECKER] Running global round checker at 2025-07-17T16:51:12.278Z
2025-07-18T00:51:12: 🔍 [CHECKER] No active tournaments found
2025-07-18T00:51:22: 🔍 [CHECKER] Running global round checker at 2025-07-17T16:51:22.278Z
2025-07-18T00:51:22: 🔍 [CHECKER] No active tournaments found
2025-07-18T00:51:32: 🔍 [CHECKER] Running global round checker at 2025-07-17T16:51:32.278Z
2025-07-18T00:51:32: 🔍 [CHECKER] No active tournaments found
2025-07-18T00:51:42: 🔍 [CHECKER] Running global round checker at 2025-07-17T16:51:42.278Z
2025-07-18T00:51:42: 🔍 [CHECKER] No active tournaments found
2025-07-18T00:51:52: 🔍 [CHECKER] Running global round checker at 2025-07-17T16:51:52.278Z
2025-07-18T00:51:52: 🔍 [CHECKER] No active tournaments found
2025-07-18T00:52:02: 🔍 [CHECKER] Running global round checker at 2025-07-17T16:52:02.279Z
2025-07-18T00:52:02: 🔍 [CHECKER] No active tournaments found
2025-07-18T00:52:12: 🔍 [CHECKER] Running global round checker at 2025-07-17T16:52:12.279Z
2025-07-18T00:52:12: 🔍 [CHECKER] No active tournaments found
2025-07-18T00:52:22: 🔍 [CHECKER] Running global round checker at 2025-07-17T16:52:22.279Z
2025-07-18T00:52:22: 🔍 [CHECKER] No active tournaments found
2025-07-18T00:52:32: 🔍 [CHECKER] Running global round checker at 2025-07-17T16:52:32.279Z
2025-07-18T00:52:32: 🔍 [CHECKER] No active tournaments found
2025-07-18T00:52:42: 🔍 [CHECKER] Running global round checker at 2025-07-17T16:52:42.279Z
2025-07-18T00:52:42: 🔍 [CHECKER] No active tournaments found
2025-07-18T00:52:52: 🔍 [CHECKER] Running global round checker at 2025-07-17T16:52:52.280Z
2025-07-18T00:52:52: 🔍 [CHECKER] No active tournaments found
2025-07-18T00:53:02: 🔍 [CHECKER] Running global round checker at 2025-07-17T16:53:02.280Z
2025-07-18T00:53:02: 🔍 [CHECKER] No active tournaments found
2025-07-18T00:53:12: 🔍 [CHECKER] Running global round checker at 2025-07-17T16:53:12.280Z
2025-07-18T00:53:12: 🔍 [CHECKER] No active tournaments found
2025-07-18T00:53:22: 🔄 [SCHEDULER] Starting withdrawal processing at 2025-07-17T16:53:22.139Z
2025-07-18T00:53:22: 🔄 [AUTO-WD] Starting automated withdrawal processing...
2025-07-18T00:53:22: 📝 [AUTO-WD] Found 0 pending withdrawals
2025-07-18T00:53:22: ✅ [SCHEDULER] Withdrawal processing completed in 1ms
2025-07-18T00:53:22: 🔍 [CHECKER] Running global round checker at 2025-07-17T16:53:22.280Z
2025-07-18T00:53:22: 🔍 [CHECKER] No active tournaments found
2025-07-18T00:53:32: 🔍 [CHECKER] Running global round checker at 2025-07-17T16:53:32.281Z
2025-07-18T00:53:32: 🔍 [CHECKER] No active tournaments found
2025-07-18T00:53:42: 🔍 [CHECKER] Running global round checker at 2025-07-17T16:53:42.281Z
2025-07-18T00:53:42: 🔍 [CHECKER] No active tournaments found
2025-07-18T00:53:52: 🔍 [CHECKER] Running global round checker at 2025-07-17T16:53:52.281Z
2025-07-18T00:53:52: 🔍 [CHECKER] No active tournaments found
2025-07-18T00:54:02: 🔍 [CHECKER] Running global round checker at 2025-07-17T16:54:02.281Z
2025-07-18T00:54:02: 🔍 [CHECKER] No active tournaments found
2025-07-18T00:54:12: 🔍 [CHECKER] Running global round checker at 2025-07-17T16:54:12.281Z
2025-07-18T00:54:12: 🔍 [CHECKER] No active tournaments found
2025-07-18T00:54:22: 🔍 [CHECKER] Running global round checker at 2025-07-17T16:54:22.281Z
2025-07-18T00:54:22: 🔍 [CHECKER] No active tournaments found
2025-07-18T00:54:32: 🔍 [CHECKER] Running global round checker at 2025-07-17T16:54:32.281Z
2025-07-18T00:54:32: 🔍 [CHECKER] No active tournaments found
2025-07-18T00:54:42: 🔍 [CHECKER] Running global round checker at 2025-07-17T16:54:42.281Z
2025-07-18T00:54:42: 🔍 [CHECKER] No active tournaments found
2025-07-18T00:54:52: 🔍 [CHECKER] Running global round checker at 2025-07-17T16:54:52.281Z
2025-07-18T00:54:52: 🔍 [CHECKER] No active tournaments found
2025-07-18T00:55:02: 🔍 [CHECKER] Running global round checker at 2025-07-17T16:55:02.281Z
2025-07-18T00:55:02: 🔍 [CHECKER] No active tournaments found
2025-07-18T00:55:12: 🔍 [CHECKER] Running global round checker at 2025-07-17T16:55:12.281Z
2025-07-18T00:55:12: 🔍 [CHECKER] No active tournaments found
2025-07-18T00:55:22: 🔍 [CHECKER] Running global round checker at 2025-07-17T16:55:22.281Z
2025-07-18T00:55:22: 🔍 [CHECKER] No active tournaments found
2025-07-18T00:55:32: 🔍 [CHECKER] Running global round checker at 2025-07-17T16:55:32.281Z
2025-07-18T00:55:32: 🔍 [CHECKER] No active tournaments found
2025-07-18T00:55:42: 🔍 [CHECKER] Running global round checker at 2025-07-17T16:55:42.281Z
2025-07-18T00:55:42: 🔍 [CHECKER] No active tournaments found
2025-07-18T00:55:52: 🔍 [CHECKER] Running global round checker at 2025-07-17T16:55:52.281Z
2025-07-18T00:55:52: 🔍 [CHECKER] No active tournaments found
2025-07-18T00:56:02: 🔍 [CHECKER] Running global round checker at 2025-07-17T16:56:02.281Z
2025-07-18T00:56:02: 🔍 [CHECKER] No active tournaments found
2025-07-18T00:56:12: 🔍 [CHECKER] Running global round checker at 2025-07-17T16:56:12.282Z
2025-07-18T00:56:12: 🔍 [CHECKER] No active tournaments found
2025-07-18T00:56:22: 🔍 [CHECKER] Running global round checker at 2025-07-17T16:56:22.282Z
2025-07-18T00:56:22: 🔍 [CHECKER] No active tournaments found
2025-07-18T00:56:32: 🔍 [CHECKER] Running global round checker at 2025-07-17T16:56:32.283Z
2025-07-18T00:56:32: 🔍 [CHECKER] No active tournaments found
2025-07-18T00:56:42: 🔍 [CHECKER] Running global round checker at 2025-07-17T16:56:42.283Z
2025-07-18T00:56:42: 🔍 [CHECKER] No active tournaments found
2025-07-18T00:56:52: 🔍 [CHECKER] Running global round checker at 2025-07-17T16:56:52.283Z
2025-07-18T00:56:52: 🔍 [CHECKER] No active tournaments found
2025-07-18T00:57:02: 🔍 [CHECKER] Running global round checker at 2025-07-17T16:57:02.283Z
2025-07-18T00:57:02: 🔍 [CHECKER] No active tournaments found
2025-07-18T00:57:12: 🔍 [CHECKER] Running global round checker at 2025-07-17T16:57:12.283Z
2025-07-18T00:57:12: 🔍 [CHECKER] No active tournaments found
2025-07-18T00:57:22: 🔍 [CHECKER] Running global round checker at 2025-07-17T16:57:22.284Z
2025-07-18T00:57:22: 🔍 [CHECKER] No active tournaments found
2025-07-18T00:57:32: 🔍 [CHECKER] Running global round checker at 2025-07-17T16:57:32.284Z
2025-07-18T00:57:32: 🔍 [CHECKER] No active tournaments found
2025-07-18T00:57:42: 🔍 [CHECKER] Running global round checker at 2025-07-17T16:57:42.284Z
2025-07-18T00:57:42: 🔍 [CHECKER] No active tournaments found
2025-07-18T00:57:52: 🔍 [CHECKER] Running global round checker at 2025-07-17T16:57:52.284Z
2025-07-18T00:57:52: 🔍 [CHECKER] No active tournaments found
2025-07-18T00:58:02: 🔍 [CHECKER] Running global round checker at 2025-07-17T16:58:02.284Z
2025-07-18T00:58:02: 🔍 [CHECKER] No active tournaments found
2025-07-18T00:58:12: 🔍 [CHECKER] Running global round checker at 2025-07-17T16:58:12.284Z
2025-07-18T00:58:12: 🔍 [CHECKER] No active tournaments found
2025-07-18T00:58:22: 🔄 [SCHEDULER] Starting withdrawal processing at 2025-07-17T16:58:22.139Z
2025-07-18T00:58:22: 🔄 [AUTO-WD] Starting automated withdrawal processing...
2025-07-18T00:58:22: 📝 [AUTO-WD] Found 0 pending withdrawals
2025-07-18T00:58:22: ✅ [SCHEDULER] Withdrawal processing completed in 1ms
2025-07-18T00:58:22: 🔍 [DEPOSIT-SECURITY] Running automated security checks...
2025-07-18T00:58:22: ✅ [DEPOSIT-SECURITY] Security checks completed successfully
2025-07-18T00:58:22: 🔍 [CHECKER] Running global round checker at 2025-07-17T16:58:22.284Z
2025-07-18T00:58:22: 🔍 [CHECKER] No active tournaments found
2025-07-18T00:58:32: 🔍 [CHECKER] Running global round checker at 2025-07-17T16:58:32.285Z
2025-07-18T00:58:32: 🔍 [CHECKER] No active tournaments found
2025-07-18T00:58:42: 🔍 [CHECKER] Running global round checker at 2025-07-17T16:58:42.285Z
2025-07-18T00:58:42: 🔍 [CHECKER] No active tournaments found
2025-07-18T00:58:52: 🔍 [CHECKER] Running global round checker at 2025-07-17T16:58:52.285Z
2025-07-18T00:58:52: 🔍 [CHECKER] No active tournaments found
2025-07-18T00:59:02: 🔍 [CHECKER] Running global round checker at 2025-07-17T16:59:02.285Z
2025-07-18T00:59:02: 🔍 [CHECKER] No active tournaments found
2025-07-18T00:59:12: 🔍 [CHECKER] Running global round checker at 2025-07-17T16:59:12.285Z
2025-07-18T00:59:12: 🔍 [CHECKER] No active tournaments found
2025-07-18T00:59:22: 🔍 [CHECKER] Running global round checker at 2025-07-17T16:59:22.285Z
2025-07-18T00:59:22: 🔍 [CHECKER] No active tournaments found
2025-07-18T00:59:32: 🔍 [CHECKER] Running global round checker at 2025-07-17T16:59:32.285Z
2025-07-18T00:59:32: 🔍 [CHECKER] No active tournaments found
2025-07-18T00:59:42: 🔍 [CHECKER] Running global round checker at 2025-07-17T16:59:42.286Z
2025-07-18T00:59:42: 🔍 [CHECKER] No active tournaments found
2025-07-18T00:59:52: 🔍 [CHECKER] Running global round checker at 2025-07-17T16:59:52.286Z
2025-07-18T00:59:52: 🔍 [CHECKER] No active tournaments found
2025-07-18T01:00:02: 🔍 [CHECKER] Running global round checker at 2025-07-17T17:00:02.286Z
2025-07-18T01:00:02: 🔍 [CHECKER] No active tournaments found
2025-07-18T01:00:12: 🔍 [CHECKER] Running global round checker at 2025-07-17T17:00:12.286Z
2025-07-18T01:00:12: 🔍 [CHECKER] No active tournaments found
2025-07-18T01:00:22: 🔍 [CHECKER] Running global round checker at 2025-07-17T17:00:22.287Z
2025-07-18T01:00:22: 🔍 [CHECKER] No active tournaments found
2025-07-18T01:00:32: 🔍 [CHECKER] Running global round checker at 2025-07-17T17:00:32.287Z
2025-07-18T01:00:32: 🔍 [CHECKER] No active tournaments found
2025-07-18T01:00:42: 🔍 [CHECKER] Running global round checker at 2025-07-17T17:00:42.287Z
2025-07-18T01:00:42: 🔍 [CHECKER] No active tournaments found
2025-07-18T01:00:52: 🔍 [CHECKER] Running global round checker at 2025-07-17T17:00:52.289Z
2025-07-18T01:00:52: 🔍 [CHECKER] No active tournaments found
2025-07-18T01:01:02: 🔍 [CHECKER] Running global round checker at 2025-07-17T17:01:02.289Z
2025-07-18T01:01:02: 🔍 [CHECKER] No active tournaments found
2025-07-18T01:01:12: 🔍 [CHECKER] Running global round checker at 2025-07-17T17:01:12.289Z
2025-07-18T01:01:12: 🔍 [CHECKER] No active tournaments found
2025-07-18T01:01:22: 🔍 [CHECKER] Running global round checker at 2025-07-17T17:01:22.290Z
2025-07-18T01:01:22: 🔍 [CHECKER] No active tournaments found
2025-07-18T01:01:32: 🔍 [CHECKER] Running global round checker at 2025-07-17T17:01:32.290Z
2025-07-18T01:01:32: 🔍 [CHECKER] No active tournaments found
2025-07-18T01:01:42: 🔍 [CHECKER] Running global round checker at 2025-07-17T17:01:42.290Z
2025-07-18T01:01:42: 🔍 [CHECKER] No active tournaments found
2025-07-18T01:01:52: 🔍 [CHECKER] Running global round checker at 2025-07-17T17:01:52.290Z
2025-07-18T01:01:52: 🔍 [CHECKER] No active tournaments found
2025-07-18T01:02:02: 🔍 [CHECKER] Running global round checker at 2025-07-17T17:02:02.290Z
2025-07-18T01:02:02: 🔍 [CHECKER] No active tournaments found
2025-07-18T01:02:12: 🔍 [CHECKER] Running global round checker at 2025-07-17T17:02:12.290Z
2025-07-18T01:02:12: 🔍 [CHECKER] No active tournaments found
2025-07-18T01:02:22: 🔍 [CHECKER] Running global round checker at 2025-07-17T17:02:22.290Z
2025-07-18T01:02:22: 🔍 [CHECKER] No active tournaments found
2025-07-18T01:02:32: 🔍 [CHECKER] Running global round checker at 2025-07-17T17:02:32.290Z
2025-07-18T01:02:32: 🔍 [CHECKER] No active tournaments found
2025-07-18T01:02:42: 🔍 [CHECKER] Running global round checker at 2025-07-17T17:02:42.291Z
2025-07-18T01:02:42: 🔍 [CHECKER] No active tournaments found
2025-07-18T01:02:52: 🔍 [CHECKER] Running global round checker at 2025-07-17T17:02:52.291Z
2025-07-18T01:02:52: 🔍 [CHECKER] No active tournaments found
2025-07-18T01:03:02: 🔍 [CHECKER] Running global round checker at 2025-07-17T17:03:02.291Z
2025-07-18T01:03:02: 🔍 [CHECKER] No active tournaments found
2025-07-18T01:03:12: 🔍 [CHECKER] Running global round checker at 2025-07-17T17:03:12.291Z
2025-07-18T01:03:12: 🔍 [CHECKER] No active tournaments found
2025-07-18T01:03:22: 🔄 [SCHEDULER] Starting withdrawal processing at 2025-07-17T17:03:22.139Z
2025-07-18T01:03:22: 🔄 [AUTO-WD] Starting automated withdrawal processing...
2025-07-18T01:03:22: 📝 [AUTO-WD] Found 0 pending withdrawals
2025-07-18T01:03:22: ✅ [SCHEDULER] Withdrawal processing completed in 1ms
2025-07-18T01:03:22: 🔍 [CHECKER] Running global round checker at 2025-07-17T17:03:22.291Z
2025-07-18T01:03:22: 🔍 [CHECKER] No active tournaments found
2025-07-18T01:03:32: 🔍 [CHECKER] Running global round checker at 2025-07-17T17:03:32.291Z
2025-07-18T01:03:32: 🔍 [CHECKER] No active tournaments found
2025-07-18T01:03:42: 🔍 [CHECKER] Running global round checker at 2025-07-17T17:03:42.292Z
2025-07-18T01:03:42: 🔍 [CHECKER] No active tournaments found
2025-07-18T01:03:52: 🔍 [CHECKER] Running global round checker at 2025-07-17T17:03:52.292Z
2025-07-18T01:03:52: 🔍 [CHECKER] No active tournaments found
2025-07-18T01:04:02: 🔍 [CHECKER] Running global round checker at 2025-07-17T17:04:02.292Z
2025-07-18T01:04:02: 🔍 [CHECKER] No active tournaments found
2025-07-18T01:04:12: 🔍 [CHECKER] Running global round checker at 2025-07-17T17:04:12.292Z
2025-07-18T01:04:12: 🔍 [CHECKER] No active tournaments found
2025-07-18T01:04:22: 🔍 [CHECKER] Running global round checker at 2025-07-17T17:04:22.292Z
2025-07-18T01:04:22: 🔍 [CHECKER] No active tournaments found
2025-07-18T01:04:32: 🔍 [CHECKER] Running global round checker at 2025-07-17T17:04:32.292Z
2025-07-18T01:04:32: 🔍 [CHECKER] No active tournaments found
2025-07-18T01:04:42: 🔍 [CHECKER] Running global round checker at 2025-07-17T17:04:42.292Z
2025-07-18T01:04:42: 🔍 [CHECKER] No active tournaments found
2025-07-18T01:04:52: 🔍 [CHECKER] Running global round checker at 2025-07-17T17:04:52.292Z
2025-07-18T01:04:52: 🔍 [CHECKER] No active tournaments found
2025-07-18T01:05:02: 🔍 [CHECKER] Running global round checker at 2025-07-17T17:05:02.293Z
2025-07-18T01:05:02: 🔍 [CHECKER] No active tournaments found
2025-07-18T01:05:12: 🔍 [CHECKER] Running global round checker at 2025-07-17T17:05:12.293Z
2025-07-18T01:05:12: 🔍 [CHECKER] No active tournaments found
2025-07-18T01:05:22: 🔍 [CHECKER] Running global round checker at 2025-07-17T17:05:22.293Z
2025-07-18T01:05:22: 🔍 [CHECKER] No active tournaments found
2025-07-18T01:05:32: 🔍 [CHECKER] Running global round checker at 2025-07-17T17:05:32.293Z
2025-07-18T01:05:32: 🔍 [CHECKER] No active tournaments found
2025-07-18T01:05:42: 🔍 [CHECKER] Running global round checker at 2025-07-17T17:05:42.293Z
2025-07-18T01:05:42: 🔍 [CHECKER] No active tournaments found
2025-07-18T01:05:52: 🔍 [CHECKER] Running global round checker at 2025-07-17T17:05:52.293Z
2025-07-18T01:05:52: 🔍 [CHECKER] No active tournaments found
2025-07-18T01:06:02: 🔍 [CHECKER] Running global round checker at 2025-07-17T17:06:02.294Z
2025-07-18T01:06:02: 🔍 [CHECKER] No active tournaments found
2025-07-18T01:06:12: 🔍 [CHECKER] Running global round checker at 2025-07-17T17:06:12.294Z
2025-07-18T01:06:12: 🔍 [CHECKER] No active tournaments found
2025-07-18T01:06:22: 🔍 [CHECKER] Running global round checker at 2025-07-17T17:06:22.294Z
2025-07-18T01:06:22: 🔍 [CHECKER] No active tournaments found
2025-07-18T01:06:32: 🔍 [CHECKER] Running global round checker at 2025-07-17T17:06:32.295Z
2025-07-18T01:06:32: 🔍 [CHECKER] No active tournaments found
2025-07-18T01:06:42: 🔍 [CHECKER] Running global round checker at 2025-07-17T17:06:42.296Z
2025-07-18T01:06:42: 🔍 [CHECKER] No active tournaments found
2025-07-18T01:06:52: 🔍 [CHECKER] Running global round checker at 2025-07-17T17:06:52.296Z
2025-07-18T01:06:52: 🔍 [CHECKER] No active tournaments found
2025-07-18T01:07:02: 🔍 [CHECKER] Running global round checker at 2025-07-17T17:07:02.296Z
2025-07-18T01:07:02: 🔍 [CHECKER] No active tournaments found
2025-07-18T01:07:12: 🔍 [CHECKER] Running global round checker at 2025-07-17T17:07:12.296Z
2025-07-18T01:07:12: 🔍 [CHECKER] No active tournaments found
2025-07-18T01:07:22: 🔍 [CHECKER] Running global round checker at 2025-07-17T17:07:22.296Z
2025-07-18T01:07:22: 🔍 [CHECKER] No active tournaments found
2025-07-18T01:07:32: 🔍 [CHECKER] Running global round checker at 2025-07-17T17:07:32.296Z
2025-07-18T01:07:32: 🔍 [CHECKER] No active tournaments found
2025-07-18T01:07:42: 🔍 [CHECKER] Running global round checker at 2025-07-17T17:07:42.296Z
2025-07-18T01:07:42: 🔍 [CHECKER] No active tournaments found
2025-07-18T01:07:52: 🔍 [CHECKER] Running global round checker at 2025-07-17T17:07:52.296Z
2025-07-18T01:07:52: 🔍 [CHECKER] No active tournaments found
2025-07-18T01:08:02: 🔍 [CHECKER] Running global round checker at 2025-07-17T17:08:02.296Z
2025-07-18T01:08:02: 🔍 [CHECKER] No active tournaments found
2025-07-18T01:08:12: 🔍 [CHECKER] Running global round checker at 2025-07-17T17:08:12.296Z
2025-07-18T01:08:12: 🔍 [CHECKER] No active tournaments found
2025-07-18T01:08:22: 🔄 [SCHEDULER] Starting withdrawal processing at 2025-07-17T17:08:22.140Z
2025-07-18T01:08:22: 🔄 [AUTO-WD] Starting automated withdrawal processing...
2025-07-18T01:08:22: 🔍 [DEPOSIT-SECURITY] Running automated security checks...
2025-07-18T01:08:22: 📝 [AUTO-WD] Found 0 pending withdrawals
2025-07-18T01:08:22: ✅ [SCHEDULER] Withdrawal processing completed in 1ms
2025-07-18T01:08:22: ✅ [DEPOSIT-SECURITY] Security checks completed successfully
2025-07-18T01:08:22: 🔍 [CHECKER] Running global round checker at 2025-07-17T17:08:22.296Z
2025-07-18T01:08:22: 🔍 [CHECKER] No active tournaments found
2025-07-18T01:08:32: 🔍 [CHECKER] Running global round checker at 2025-07-17T17:08:32.297Z
2025-07-18T01:08:32: 🔍 [CHECKER] No active tournaments found
2025-07-18T01:08:42: 🔍 [CHECKER] Running global round checker at 2025-07-17T17:08:42.298Z
2025-07-18T01:08:42: 🔍 [CHECKER] No active tournaments found
2025-07-18T01:08:52: 🔍 [CHECKER] Running global round checker at 2025-07-17T17:08:52.298Z
2025-07-18T01:08:52: 🔍 [CHECKER] No active tournaments found
2025-07-18T01:09:02: 🔍 [CHECKER] Running global round checker at 2025-07-17T17:09:02.298Z
2025-07-18T01:09:02: 🔍 [CHECKER] No active tournaments found
2025-07-18T01:09:12: 🔍 [CHECKER] Running global round checker at 2025-07-17T17:09:12.298Z
2025-07-18T01:09:12: 🔍 [CHECKER] No active tournaments found
2025-07-18T01:09:22: 🔍 [CHECKER] Running global round checker at 2025-07-17T17:09:22.298Z
2025-07-18T01:09:22: 🔍 [CHECKER] No active tournaments found
2025-07-18T01:09:32: 🔍 [CHECKER] Running global round checker at 2025-07-17T17:09:32.299Z
2025-07-18T01:09:32: 🔍 [CHECKER] No active tournaments found
2025-07-18T01:09:42: 🔍 [CHECKER] Running global round checker at 2025-07-17T17:09:42.299Z
2025-07-18T01:09:42: 🔍 [CHECKER] No active tournaments found
2025-07-18T01:09:52: 🔍 [CHECKER] Running global round checker at 2025-07-17T17:09:52.299Z
2025-07-18T01:09:52: 🔍 [CHECKER] No active tournaments found
2025-07-18T01:10:02: 🔍 [CHECKER] Running global round checker at 2025-07-17T17:10:02.299Z
2025-07-18T01:10:02: 🔍 [CHECKER] No active tournaments found
2025-07-18T01:10:12: 🔍 [CHECKER] Running global round checker at 2025-07-17T17:10:12.299Z
2025-07-18T01:10:12: 🔍 [CHECKER] No active tournaments found
2025-07-18T01:10:22: 🔍 [CHECKER] Running global round checker at 2025-07-17T17:10:22.300Z
2025-07-18T01:10:22: 🔍 [CHECKER] No active tournaments found
2025-07-18T01:10:32: 🔍 [CHECKER] Running global round checker at 2025-07-17T17:10:32.300Z
2025-07-18T01:10:32: 🔍 [CHECKER] No active tournaments found
2025-07-18T01:10:42: 🔍 [CHECKER] Running global round checker at 2025-07-17T17:10:42.300Z
2025-07-18T01:10:42: 🔍 [CHECKER] No active tournaments found
2025-07-18T01:10:52: 🔍 [CHECKER] Running global round checker at 2025-07-17T17:10:52.300Z
2025-07-18T01:10:52: 🔍 [CHECKER] No active tournaments found
2025-07-18T01:11:02: 🔍 [CHECKER] Running global round checker at 2025-07-17T17:11:02.300Z
2025-07-18T01:11:02: 🔍 [CHECKER] No active tournaments found
2025-07-18T01:11:12: 🔍 [CHECKER] Running global round checker at 2025-07-17T17:11:12.300Z
2025-07-18T01:11:12: 🔍 [CHECKER] No active tournaments found
2025-07-18T01:11:22: 🔍 [CHECKER] Running global round checker at 2025-07-17T17:11:22.300Z
2025-07-18T01:11:22: 🔍 [CHECKER] No active tournaments found
2025-07-18T01:11:32: 🔍 [CHECKER] Running global round checker at 2025-07-17T17:11:32.300Z
2025-07-18T01:11:32: 🔍 [CHECKER] No active tournaments found
2025-07-18T01:11:42: 🔍 [CHECKER] Running global round checker at 2025-07-17T17:11:42.301Z
2025-07-18T01:11:42: 🔍 [CHECKER] No active tournaments found
2025-07-18T01:11:52: 🔍 [CHECKER] Running global round checker at 2025-07-17T17:11:52.301Z
2025-07-18T01:11:52: 🔍 [CHECKER] No active tournaments found
2025-07-18T01:12:02: 🔍 [CHECKER] Running global round checker at 2025-07-17T17:12:02.301Z
2025-07-18T01:12:02: 🔍 [CHECKER] No active tournaments found
2025-07-18T01:12:12: 🔍 [CHECKER] Running global round checker at 2025-07-17T17:12:12.301Z
2025-07-18T01:12:12: 🔍 [CHECKER] No active tournaments found
2025-07-18T01:12:22: 🔍 [CHECKER] Running global round checker at 2025-07-17T17:12:22.301Z
2025-07-18T01:12:22: 🔍 [CHECKER] No active tournaments found
2025-07-18T01:12:32: 🔍 [CHECKER] Running global round checker at 2025-07-17T17:12:32.301Z
2025-07-18T01:12:32: 🔍 [CHECKER] No active tournaments found
2025-07-18T01:12:42: 🔍 [CHECKER] Running global round checker at 2025-07-17T17:12:42.301Z
2025-07-18T01:12:42: 🔍 [CHECKER] No active tournaments found
2025-07-18T01:12:52: 🔍 [CHECKER] Running global round checker at 2025-07-17T17:12:52.301Z
2025-07-18T01:12:52: 🔍 [CHECKER] No active tournaments found
2025-07-18T01:13:02: 🔍 [CHECKER] Running global round checker at 2025-07-17T17:13:02.301Z
2025-07-18T01:13:02: 🔍 [CHECKER] No active tournaments found
2025-07-18T01:13:12: 🔍 [CHECKER] Running global round checker at 2025-07-17T17:13:12.301Z
2025-07-18T01:13:12: 🔍 [CHECKER] No active tournaments found
2025-07-18T01:13:22: 🔄 [SCHEDULER] Starting withdrawal processing at 2025-07-17T17:13:22.140Z
2025-07-18T01:13:22: 🔄 [AUTO-WD] Starting automated withdrawal processing...
2025-07-18T01:13:22: 📝 [AUTO-WD] Found 0 pending withdrawals
2025-07-18T01:13:22: ✅ [SCHEDULER] Withdrawal processing completed in 2ms
2025-07-18T01:13:22: 🔍 [CHECKER] Running global round checker at 2025-07-17T17:13:22.301Z
2025-07-18T01:13:22: 🔍 [CHECKER] No active tournaments found
2025-07-18T01:13:32: 🔍 [CHECKER] Running global round checker at 2025-07-17T17:13:32.302Z
2025-07-18T01:13:32: 🔍 [CHECKER] No active tournaments found
2025-07-18T01:13:42: 🔍 [CHECKER] Running global round checker at 2025-07-17T17:13:42.303Z
2025-07-18T01:13:42: 🔍 [CHECKER] No active tournaments found
2025-07-18T01:13:52: 🔍 [CHECKER] Running global round checker at 2025-07-17T17:13:52.304Z
2025-07-18T01:13:52: 🔍 [CHECKER] No active tournaments found
2025-07-18T01:14:02: 🔍 [CHECKER] Running global round checker at 2025-07-17T17:14:02.304Z
2025-07-18T01:14:02: 🔍 [CHECKER] No active tournaments found
2025-07-18T01:14:12: 🔍 [CHECKER] Running global round checker at 2025-07-17T17:14:12.304Z
2025-07-18T01:14:12: 🔍 [CHECKER] No active tournaments found
2025-07-18T01:14:22: 🔍 [CHECKER] Running global round checker at 2025-07-17T17:14:22.304Z
2025-07-18T01:14:22: 🔍 [CHECKER] No active tournaments found
2025-07-18T01:14:32: 🔍 [CHECKER] Running global round checker at 2025-07-17T17:14:32.305Z
2025-07-18T01:14:32: 🔍 [CHECKER] No active tournaments found
2025-07-18T01:14:42: 🔍 [CHECKER] Running global round checker at 2025-07-17T17:14:42.305Z
2025-07-18T01:14:42: 🔍 [CHECKER] No active tournaments found
2025-07-18T01:14:52: 🔍 [CHECKER] Running global round checker at 2025-07-17T17:14:52.305Z
2025-07-18T01:14:52: 🔍 [CHECKER] No active tournaments found
2025-07-18T01:15:02: 🔍 [CHECKER] Running global round checker at 2025-07-17T17:15:02.306Z
2025-07-18T01:15:02: 🔍 [CHECKER] No active tournaments found
2025-07-18T01:15:12: 🔍 [CHECKER] Running global round checker at 2025-07-17T17:15:12.306Z
2025-07-18T01:15:12: 🔍 [CHECKER] No active tournaments found
2025-07-18T01:15:22: 🔍 [CHECKER] Running global round checker at 2025-07-17T17:15:22.306Z
2025-07-18T01:15:22: 🔍 [CHECKER] No active tournaments found
2025-07-18T01:15:32: 🔍 [CHECKER] Running global round checker at 2025-07-17T17:15:32.306Z
2025-07-18T01:15:32: 🔍 [CHECKER] No active tournaments found
2025-07-18T01:15:42: 🔍 [CHECKER] Running global round checker at 2025-07-17T17:15:42.306Z
2025-07-18T01:15:42: 🔍 [CHECKER] No active tournaments found
2025-07-18T01:15:52: 🔍 [CHECKER] Running global round checker at 2025-07-17T17:15:52.306Z
2025-07-18T01:15:52: 🔍 [CHECKER] No active tournaments found
2025-07-18T01:16:02: 🔍 [CHECKER] Running global round checker at 2025-07-17T17:16:02.306Z
2025-07-18T01:16:02: 🔍 [CHECKER] No active tournaments found
2025-07-18T01:16:12: 🔍 [CHECKER] Running global round checker at 2025-07-17T17:16:12.307Z
2025-07-18T01:16:12: 🔍 [CHECKER] No active tournaments found
2025-07-18T01:16:22: 🔍 [CHECKER] Running global round checker at 2025-07-17T17:16:22.307Z
2025-07-18T01:16:22: 🔍 [CHECKER] No active tournaments found
2025-07-18T01:16:32: 🔍 [CHECKER] Running global round checker at 2025-07-17T17:16:32.307Z
2025-07-18T01:16:32: 🔍 [CHECKER] No active tournaments found
2025-07-18T01:16:42: 🔍 [CHECKER] Running global round checker at 2025-07-17T17:16:42.307Z
2025-07-18T01:16:42: 🔍 [CHECKER] No active tournaments found
2025-07-18T01:16:52: 🔍 [CHECKER] Running global round checker at 2025-07-17T17:16:52.307Z
2025-07-18T01:16:52: 🔍 [CHECKER] No active tournaments found
2025-07-18T01:17:02: 🔍 [CHECKER] Running global round checker at 2025-07-17T17:17:02.308Z
2025-07-18T01:17:02: 🔍 [CHECKER] No active tournaments found
