2025-07-06 01:46:32,083 - semgrep.run_scan - DEBUG - semgrep version 1.4.0
2025-07-06 01:46:32,088 - semgrep.git - DEBUG - Failed to get project url from 'git ls-remote': Command failed with exit code: 128
-----
Command failed with output:
fatal: No remote configured to list refs from.


Failed to run 'git ls-remote --get-url'. Possible reasons:

- the git binary is not available
- the current working directory is not a git repository
- the baseline commit is not a parent of the current commit
    (if you are running through semgrep-app, check if you are setting `SEMGREP_BRANCH` or `SEMGREP_BASELINE_COMMIT` properly)
- the current working directory is not marked as safe
    (fix with `git config --global --add safe.directory $(pwd)`)

Try running the command yourself to debug the issue.
2025-07-06 01:46:32,089 - semgrep.config_resolver - DEBUG - Loading local config from /home/runner/workspace/.config/.semgrep/semgrep_rules.json
2025-07-06 01:46:32,099 - semgrep.config_resolver - DEBUG - Done loading local config from /home/runner/workspace/.config/.semgrep/semgrep_rules.json
2025-07-06 01:46:32,102 - semgrep.config_resolver - DEBUG - Saving rules to /tmp/semgrep-fgzuumyy.rules
2025-07-06 01:46:32,881 - semgrep.rule_lang - DEBUG - semgrep-core validation response: valid=True
2025-07-06 01:46:32,881 - semgrep.rule_lang - DEBUG - semgrep-core validation succeeded
2025-07-06 01:46:32,881 - semgrep.rule_lang - DEBUG - RPC validation succeeded
2025-07-06 01:46:32,882 - semgrep.config_resolver - DEBUG - loaded 1 configs in 0.7935085296630859
2025-07-06 01:46:32,961 - semgrep.run_scan - VERBOSE - running 715 rules from 1 config /home/runner/workspace/.config/.semgrep/semgrep_rules.json_0
2025-07-06 01:46:32,962 - semgrep.run_scan - VERBOSE - No .semgrepignore found. Using default .semgrepignore rules. See the docs for the list of default ignores: https://semgrep.dev/docs/cli-usage/#ignore-files
2025-07-06 01:46:32,963 - semgrep.run_scan - VERBOSE - Rules:
2025-07-06 01:46:32,964 - semgrep.run_scan - VERBOSE - <SKIPPED DATA (too many entries; use --max-log-list-entries)>
2025-07-06 01:46:33,046 - semgrep.ignores - VERBOSE - Ignoring test/PredictionBattle.test.cjs due to .semgrepignore
2025-07-06 01:46:33,124 - semgrep.ignores - VERBOSE - Ignoring test/PredictionBattle.test.cjs due to .semgrepignore
2025-07-06 01:46:33,149 - semgrep.ignores - VERBOSE - Ignoring test/PredictionBattle.test.cjs due to .semgrepignore
2025-07-06 01:46:33,480 - semgrep.ignores - VERBOSE - Ignoring test/PredictionBattle.test.cjs due to .semgrepignore
2025-07-06 01:46:34,360 - semgrep.core_runner - DEBUG - Passing whole rules directly to semgrep_core
2025-07-06 01:46:34,810 - semgrep.core_runner - DEBUG - Running Semgrep engine with command:
2025-07-06 01:46:34,810 - semgrep.core_runner - DEBUG - /tmp/_MEICfPukI/semgrep/bin/opengrep-core -json -rules /tmp/tmpge0wxrk6.json -j 8 -targets /tmp/tmpe3ake3iw -timeout 5 -timeout_threshold 3 -max_memory 0 -fast
2025-07-06 01:47:32,403 - semgrep.core_runner - DEBUG - --- semgrep-core stderr ---
[00.07][[34mINFO[0m]: Executed as: /tmp/_MEICfPukI/semgrep/bin/opengrep-core -json -rules /tmp/tmpge0wxrk6.json -j 8 -targets /tmp/tmpe3ake3iw -timeout 5 -timeout_threshold 3 -max_memory 0 -fast
[00.07][[34mINFO[0m]: Version: 1.4.0
[00.07][[34mINFO[0m]: Parsing rules in /tmp/tmpge0wxrk6.json
[00.53][[34mINFO[0m]: scan: processing 996 files (skipping 0), with 457 rules (skipping 0 )
[01.31][[33mWARNING[0m]: Fixpoint timeout while performing taint analysis [rule: config..semgrep.vendored-rules.javascript.lang.security.audit.detect-non-literal-require file: client/src/components/tournament-card.tsx func: ???]
[0m[01.80][[33mWARNING[0m]: Fixpoint timeout while performing taint analysis [rule: config..semgrep.vendored-rules.javascript.express.security.injection.tainted-sql-string file: client/src/components/prediction-battles.tsx func: PredictionBattles:2626]
[0m[03.39][[33mWARNING[0m]: Fixpoint timeout while performing taint analysis [rule: config..semgrep.vendored-rules.javascript.lang.security.audit.detect-non-literal-require file: client/src/components/crypto-transaction.tsx func: CryptoTransaction:21923]
[0m[05.21][[33mWARNING[0m]: Fixpoint timeout while performing taint analysis [rule: config..semgrep.vendored-rules.javascript.lang.security.audit.detect-non-literal-require file: shared/schema.ts func: ???]
[0m[05.91][[33mWARNING[0m]: Fixpoint timeout while performing taint analysis [rule: config..semgrep.vendored-rules.javascript.express.security.injection.tainted-sql-string file: client/src/components/admin/user-statistics.tsx func: UserStatistics:41503]
[0m[06.13][[33mWARNING[0m]: Fixpoint timeout while performing taint analysis [rule: config..semgrep.vendored-rules.javascript.lang.security.audit.sqli.node-postgres-sqli file: server/routes.ts func: ???]
[0m[06.36][[33mWARNING[0m]: Fixpoint timeout while performing taint analysis [rule: config..semgrep.vendored-rules.javascript.express.security.injection.raw-html-format file: client/src/components/admin/user-statistics.tsx func: UserStatistics:41503]
[0m[06.80][[33mWARNING[0m]: Fixpoint timeout while performing taint analysis [rule: config..semgrep.vendored-rules.javascript.express.security.audit.remote-property-injection file: client/src/components/admin/user-statistics.tsx func: UserStatistics:41503]
[0m[07.06][[33mWARNING[0m]: Fixpoint timeout while performing taint analysis [rule: config..semgrep.vendored-rules.javascript.express.security.x-frame-options-misconfiguration file: client/src/components/admin/user-statistics.tsx func: UserStatistics:41503]
[0m[07.44][[33mWARNING[0m]: Fixpoint timeout while performing taint analysis [rule: config..semgrep.vendored-rules.javascript.express.security.cors-misconfiguration file: client/src/components/admin/user-statistics.tsx func: UserStatistics:41503]
[0m[07.48][[33mWARNING[0m]: Fixpoint timeout while performing taint analysis [rule: config..semgrep.vendored-rules.javascript.lang.security.audit.sqli.node-postgres-sqli file: server/routes.ts func: registerRoutes:26776]
[0m[09.01][[33mWARNING[0m]: Fixpoint timeout while performing taint analysis [rule: config..semgrep.vendored-rules.javascript.lang.security.audit.unsafe-formatstring file: test-battle-join.js func: testBattleJoin:57212]
[0m[09.59][[33mWARNING[0m]: Fixpoint timeout while performing taint analysis [rule: config..semgrep.vendored-rules.javascript.lang.security.audit.path-traversal.path-join-resolve-traversal file: server/routes.ts func: ???]
[0m[09.91][[33mWARNING[0m]: Fixpoint timeout while performing taint analysis [rule: config..semgrep.vendored-rules.javascript.lang.security.audit.detect-non-literal-require file: client/src/pages/survival-tournaments-working.tsx func: ???]
[0m[10.45][[33mWARNING[0m]: Fixpoint timeout while performing taint analysis [rule: config..semgrep.vendored-rules.javascript.lang.security.audit.detect-non-literal-require file: client/src/components/wallet-balances.tsx func: WalletBalances:65155]
[0m[11.18][[33mWARNING[0m]: Fixpoint timeout while performing taint analysis [rule: config..semgrep.vendored-rules.javascript.lang.security.audit.path-traversal.path-join-resolve-traversal file: server/routes.ts func: registerRoutes:26776]
[0m[11.39][[33mWARNING[0m]: Fixpoint timeout while performing taint analysis [rule: config..semgrep.vendored-rules.javascript.lang.security.audit.path-traversal.path-join-resolve-traversal file: server/routes.ts func: registerRoutes:26776]
[0m[11.49][[33mWARNING[0m]: Fixpoint timeout while performing taint analysis [rule: config..semgrep.vendored-rules.javascript.lang.security.audit.path-traversal.path-join-resolve-traversal file: server/routes.ts func: registerRoutes:26776]
[0m[11.58][[33mWARNING[0m]: Fixpoint timeout while performing taint analysis [rule: config..semgrep.vendored-rules.javascript.lang.security.audit.path-traversal.path-join-resolve-traversal file: server/routes.ts func: registerRoutes:26776]
[0m[11.68][[33mWARNING[0m]: Fixpoint timeout while performing taint analysis [rule: config..semgrep.vendored-rules.javascript.lang.security.audit.path-traversal.path-join-resolve-traversal file: server/routes.ts func: registerRoutes:26776]
[0m[11.81][[33mWARNING[0m]: Fixpoint timeout while performing taint analysis [rule: config..semgrep.vendored-rules.javascript.lang.security.audit.path-traversal.path-join-resolve-traversal file: server/routes.ts func: registerRoutes:26776]
[0m[12.01][[33mWARNING[0m]: Fixpoint timeout while performing taint analysis [rule: config..semgrep.vendored-rules.javascript.lang.security.audit.path-traversal.path-join-resolve-traversal file: server/routes.ts func: registerRoutes:26776]
[0m[12.21][[33mWARNING[0m]: Fixpoint timeout while performing taint analysis [rule: config..semgrep.vendored-rules.javascript.lang.security.audit.path-traversal.path-join-resolve-traversal file: server/routes.ts func: registerRoutes:26776]
[0m[12.57][[33mWARNING[0m]: Fixpoint timeout while performing taint analysis [rule: config..semgrep.vendored-rules.javascript.lang.security.audit.path-traversal.path-join-resolve-traversal file: server/routes.ts func: registerRoutes:26776]
[0m[12.85][[33mWARNING[0m]: Fixpoint timeout while performing taint analysis [rule: config..semgrep.vendored-rules.javascript.lang.security.audit.path-traversal.path-join-resolve-traversal file: server/routes.ts func: ???]
[0m[13.44][[33mWARNING[0m]: Fixpoint timeout while performing taint analysis [rule: config..semgrep.vendored-rules.javascript.lang.security.audit.detect-non-literal-require file: client/src/pages/leaderboard-old.tsx func: Leaderboard:76679]
[0m[13.94][[33mWARNING[0m]: Fixpoint timeout while performing taint analysis [rule: config..semgrep.vendored-rules.javascript.express.security.audit.remote-property-injection file: client/src/pages/leaderboard-old.tsx func: Leaderboard:76679]
[0m[14.12][[33mWARNING[0m]: Fixpoint timeout while performing taint analysis [rule: config..semgrep.vendored-rules.javascript.lang.security.audit.unsafe-formatstring file: client/src/components/header.tsx func: Header:83949]
[0m[14.38][[33mWARNING[0m]: Fixpoint timeout while performing taint analysis [rule: config..semgrep.vendored-rules.javascript.lang.security.audit.unsafe-formatstring file: server/routes.ts func: registerRoutes:26776]
[0m[14.50][[33mWARNING[0m]: Fixpoint timeout while performing taint analysis [rule: config..semgrep.vendored-rules.javascript.lang.security.audit.unsafe-formatstring file: server/routes.ts func: registerRoutes:26776]
[0m[14.71][[33mWARNING[0m]: Fixpoint timeout while performing taint analysis [rule: config..semgrep.vendored-rules.javascript.express.security.audit.xss.direct-response-write file: client/src/components/header.tsx func: Header:83949]
[0m[14.94][[33mWARNING[0m]: Fixpoint timeout while performing taint analysis [rule: config..semgrep.vendored-rules.javascript.lang.security.audit.detect-non-literal-require file: server/routes.ts func: ???]
[0m[15.23][[33mWARNING[0m]: Fixpoint timeout while performing taint analysis [rule: config..semgrep.vendored-rules.javascript.express.security.cors-misconfiguration file: client/src/components/header.tsx func: Header:83949]
[0m[15.41][[33mWARNING[0m]: Fixpoint timeout while performing taint analysis [rule: config..semgrep.vendored-rules.javascript.lang.security.audit.unsafe-formatstring file: client/src/components/crypto-chart.tsx func: CryptoChart:91071]
[0m[15.59][[33mWARNING[0m]: Fixpoint timeout while performing taint analysis [rule: config..semgrep.vendored-rules.javascript.lang.security.audit.detect-non-literal-require file: client/src/components/crypto-chart.tsx func: CryptoChart:91071]
[0m[15.82][[33mWARNING[0m]: Fixpoint timeout while performing taint analysis [rule: config..semgrep.vendored-rules.javascript.lang.security.audit.path-traversal.path-join-resolve-traversal file: client/src/pages/battles.tsx func: BattlesPage:95568]
[0m[15.86][[33mWARNING[0m]: Fixpoint timeout while performing taint analysis [rule: config..semgrep.vendored-rules.javascript.lang.security.audit.detect-non-literal-require file: server/routes.ts func: registerRoutes:26776]
[0m[16.03][[33mWARNING[0m]: Fixpoint timeout while performing taint analysis [rule: config..semgrep.vendored-rules.javascript.express.security.injection.tainted-sql-string file: client/src/components/crypto-chart.tsx func: CryptoChart:91071]
[0m[16.19][[33mWARNING[0m]: Fixpoint timeout while performing taint analysis [rule: config..semgrep.vendored-rules.javascript.lang.security.audit.detect-non-literal-require file: server/routes.ts func: registerRoutes:26776]
[0m[16.19][[33mWARNING[0m]: Fixpoint timeout while performing taint analysis [rule: config..semgrep.vendored-rules.javascript.lang.security.audit.detect-non-literal-require file: client/src/pages/battles.tsx func: BattlesPage:95568]
[0m[16.40][[33mWARNING[0m]: Fixpoint timeout while performing taint analysis [rule: config..semgrep.vendored-rules.javascript.lang.security.audit.detect-non-literal-require file: server/routes.ts func: registerRoutes:26776]
[0m[16.51][[33mWARNING[0m]: Fixpoint timeout while performing taint analysis [rule: config..semgrep.vendored-rules.javascript.lang.security.audit.detect-non-literal-require file: server/routes.ts func: registerRoutes:26776]
[0m[16.57][[33mWARNING[0m]: Fixpoint timeout while performing taint analysis [rule: config..semgrep.vendored-rules.javascript.lang.security.audit.detect-non-literal-require file: server/routes.ts func: registerRoutes:26776]
[0m[16.58][[33mWARNING[0m]: Fixpoint timeout while performing taint analysis [rule: config..semgrep.vendored-rules.javascript.express.security.injection.tainted-sql-string file: client/src/pages/battles.tsx func: BattlesPage:95568]
[0m[16.70][[33mWARNING[0m]: Fixpoint timeout while performing taint analysis [rule: config..semgrep.vendored-rules.javascript.lang.security.audit.detect-non-literal-require file: server/routes.ts func: registerRoutes:26776]
[0m[16.76][[33mWARNING[0m]: Fixpoint timeout while performing taint analysis [rule: config..semgrep.vendored-rules.javascript.lang.security.audit.detect-non-literal-require file: server/routes.ts func: registerRoutes:26776]
[0m[16.93][[33mWARNING[0m]: Fixpoint timeout while performing taint analysis [rule: config..semgrep.vendored-rules.javascript.lang.security.audit.detect-non-literal-require file: server/routes.ts func: registerRoutes:26776]
[0m[17.05][[33mWARNING[0m]: Fixpoint timeout while performing taint analysis [rule: config..semgrep.vendored-rules.javascript.lang.security.audit.detect-non-literal-require file: server/routes.ts func: registerRoutes:26776]
[0m[17.11][[33mWARNING[0m]: Fixpoint timeout while performing taint analysis [rule: config..semgrep.vendored-rules.javascript.express.security.injection.raw-html-format file: client/src/pages/battles.tsx func: BattlesPage:95568]
[0m[17.32][[33mWARNING[0m]: Fixpoint timeout while performing taint analysis [rule: config..semgrep.vendored-rules.javascript.express.security.audit.res-render-injection file: client/src/pages/battles.tsx func: BattlesPage:95568]
[0m[17.32][[33mWARNING[0m]: Fixpoint timeout while performing taint analysis [rule: config..semgrep.vendored-rules.javascript.lang.security.audit.detect-non-literal-require file: server/routes.ts func: registerRoutes:26776]
[0m[17.72][[33mWARNING[0m]: Fixpoint timeout while performing taint analysis [rule: config..semgrep.vendored-rules.javascript.lang.security.audit.detect-non-literal-require file: client/src/pages/how-to-play.tsx func: HowToPlay:109321]
[0m[17.73][[33mWARNING[0m]: Fixpoint timeout while performing taint analysis [rule: config..semgrep.vendored-rules.javascript.express.security.audit.remote-property-injection file: client/src/pages/battles.tsx func: BattlesPage:95568]
[0m[17.99][[33mWARNING[0m]: Fixpoint timeout while performing taint analysis [rule: config..semgrep.vendored-rules.javascript.express.security.audit.express-path-join-resolve-traversal file: client/src/pages/battles.tsx func: BattlesPage:95568]
[0m[18.20][[33mWARNING[0m]: Fixpoint timeout while performing taint analysis [rule: config..semgrep.vendored-rules.javascript.express.security.x-frame-options-misconfiguration file: client/src/pages/battles.tsx func: BattlesPage:95568]
[0m[18.38][[33mWARNING[0m]: Fixpoint timeout while performing taint analysis [rule: config..semgrep.vendored-rules.javascript.express.security.require-request file: client/src/pages/battles.tsx func: BattlesPage:95568]
[0m[18.45][[33mWARNING[0m]: Fixpoint timeout while performing taint analysis [rule: config..semgrep.vendored-rules.javascript.express.security.x-frame-options-misconfiguration file: client/src/pages/how-to-play.tsx func: HowToPlay:109321]
[0m[18.61][[33mWARNING[0m]: Fixpoint timeout while performing taint analysis [rule: config..semgrep.vendored-rules.javascript.express.security.require-request file: client/src/pages/how-to-play.tsx func: HowToPlay:109321]
[0m[18.66][[33mWARNING[0m]: Fixpoint timeout while performing taint analysis [rule: config..semgrep.vendored-rules.javascript.express.security.cors-misconfiguration file: client/src/pages/battles.tsx func: BattlesPage:95568]
[0m[18.78][[33mWARNING[0m]: Fixpoint timeout while performing taint analysis [rule: config..semgrep.vendored-rules.javascript.express.security.cors-misconfiguration file: client/src/pages/how-to-play.tsx func: HowToPlay:109321]
[0m[18.83][[33mWARNING[0m]: Fixpoint timeout while performing taint analysis [rule: config..semgrep.vendored-rules.javascript.lang.security.audit.detect-non-literal-require file: client/src/pages/leaderboard.tsx func: Leaderboard:118931]
[0m[19.40][[33mWARNING[0m]: Fixpoint timeout while performing taint analysis [rule: config..semgrep.vendored-rules.javascript.express.security.injection.raw-html-format file: client/src/pages/leaderboard.tsx func: Leaderboard:118931]
[0m[20.04][[33mWARNING[0m]: Fixpoint timeout while performing taint analysis [rule: config..semgrep.vendored-rules.javascript.lang.security.audit.unsafe-formatstring file: server/services/survivalRoundService.ts func: endRound:126509]
[0m[23.23][[33mWARNING[0m]: Fixpoint timeout while performing taint analysis [rule: config..semgrep.vendored-rules.javascript.express.security.cors-misconfiguration file: client/src/components/admin/abuse-management.tsx func: AbuseManagement:142626]
[0m[24.19][[33mWARNING[0m]: Fixpoint timeout while performing taint analysis [rule: config..semgrep.vendored-rules.javascript.lang.security.audit.detect-non-literal-require file: server/storage_backup.ts func: resolveBattle:151585]
[0m[24.19][[33mWARNING[0m]: Fixpoint timeout while performing taint analysis [rule: config..semgrep.vendored-rules.javascript.lang.security.audit.detect-non-literal-fs-filename file: server/routes.ts func: ???]
[0m[25.91][[33mWARNING[0m]: Fixpoint timeout while performing taint analysis [rule: config..semgrep.vendored-rules.typescript.react.security.audit.react-href-var file: client/src/pages/admin.tsx func: AdminPanel:141302]
[0m[26.25][[33mWARNING[0m]: Fixpoint timeout while performing taint analysis [rule: config..semgrep.vendored-rules.javascript.lang.security.audit.code-string-concat file: server/routes.ts func: registerRoutes:26776]
[0m[26.33][[33mWARNING[0m]: Fixpoint timeout while performing taint analysis [rule: config..semgrep.vendored-rules.javascript.lang.security.audit.code-string-concat file: server/routes.ts func: registerRoutes:26776]
[0m[26.39][[33mWARNING[0m]: Fixpoint timeout while performing taint analysis [rule: config..semgrep.vendored-rules.javascript.lang.security.audit.detect-non-literal-require file: server/storage.ts func: deleteUser:173851]
[0m[26.61][[33mWARNING[0m]: Fixpoint timeout while performing taint analysis [rule: config..semgrep.vendored-rules.javascript.lang.security.audit.detect-non-literal-require file: server/storage.ts func: resolveBattle:173987]
[0m[26.68][[33mWARNING[0m]: Fixpoint timeout while performing taint analysis [rule: config..semgrep.vendored-rules.javascript.lang.security.audit.sqli.node-postgres-sqli file: client/src/pages/user-dashboard.tsx func: UserDashboard:179523]
[0m[26.95][[33mWARNING[0m]: Fixpoint timeout while performing taint analysis [rule: config..semgrep.vendored-rules.javascript.lang.security.audit.detect-non-literal-require file: client/src/pages/user-dashboard.tsx func: UserDashboard:179523]
[0m[27.05][[33mWARNING[0m]: Fixpoint timeout while performing taint analysis [rule: config..semgrep.vendored-rules.javascript.lang.security.audit.code-string-concat file: server/routes.ts func: registerRoutes:26776]
[0m[27.26][[33mWARNING[0m]: Fixpoint timeout while performing taint analysis [rule: config..semgrep.vendored-rules.javascript.lang.security.audit.code-string-concat file: server/routes.ts func: registerRoutes:26776]
[0m[27.27][[33mWARNING[0m]: Fixpoint timeout while performing taint analysis [rule: config..semgrep.vendored-rules.javascript.lang.security.audit.sqli.node-postgres-sqli file: client/src/pages/admin.tsx func: AdminPanel:141302]
[0m[27.43][[33mWARNING[0m]: Fixpoint timeout while performing taint analysis [rule: config..semgrep.vendored-rules.javascript.express.security.injection.tainted-sql-string file: client/src/pages/user-dashboard.tsx func: UserDashboard:179523]
[0m[27.69][[33mWARNING[0m]: Fixpoint timeout while performing taint analysis [rule: config..semgrep.vendored-rules.javascript.lang.security.audit.code-string-concat file: server/routes.ts func: registerRoutes:26776]
[0m[28.04][[33mWARNING[0m]: Fixpoint timeout while performing taint analysis [rule: config..semgrep.vendored-rules.javascript.lang.security.audit.code-string-concat file: server/routes.ts func: registerRoutes:26776]
[0m[28.13][[33mWARNING[0m]: Fixpoint timeout while performing taint analysis [rule: config..semgrep.vendored-rules.javascript.lang.security.audit.code-string-concat file: server/routes.ts func: registerRoutes:26776]
[0m[28.18][[33mWARNING[0m]: Fixpoint timeout while performing taint analysis [rule: config..semgrep.vendored-rules.javascript.express.security.injection.raw-html-format file: client/src/pages/user-dashboard.tsx func: UserDashboard:179523]
[0m[28.23][[33mWARNING[0m]: Fixpoint timeout while performing taint analysis [rule: config..semgrep.vendored-rules.javascript.lang.security.audit.detect-non-literal-fs-filename file: server/storage_backup.ts func: resolveBattle:151585]
[0m[28.25][[33mWARNING[0m]: Fixpoint timeout while performing taint analysis [rule: config..semgrep.vendored-rules.javascript.lang.security.audit.code-string-concat file: server/routes.ts func: registerRoutes:26776]
[0m[28.38][[33mWARNING[0m]: Fixpoint timeout while performing taint analysis [rule: config..semgrep.vendored-rules.javascript.lang.security.audit.code-string-concat file: server/routes.ts func: registerRoutes:26776]
[0m[28.44][[33mWARNING[0m]: Fixpoint timeout while performing taint analysis [rule: config..semgrep.vendored-rules.javascript.lang.security.audit.unsafe-formatstring file: client/src/pages/admin.tsx func: AdminPanel:141302]
[0m[28.66][[33mWARNING[0m]: Fixpoint timeout while performing taint analysis [rule: config..semgrep.vendored-rules.javascript.lang.security.audit.code-string-concat file: server/routes.ts func: registerRoutes:26776]
[0m[28.95][[33mWARNING[0m]: Fixpoint timeout while performing taint analysis [rule: config..semgrep.vendored-rules.javascript.lang.security.audit.code-string-concat file: server/routes.ts func: registerRoutes:26776]
[0m[28.95][[33mWARNING[0m]: Fixpoint timeout while performing taint analysis [rule: config..semgrep.vendored-rules.javascript.express.security.audit.remote-property-injection file: client/src/pages/user-dashboard.tsx func: UserDashboard:179523]
[0m[29.15][[33mWARNING[0m]: Fixpoint timeout while performing taint analysis [rule: config..semgrep.vendored-rules.javascript.express.security.x-frame-options-misconfiguration file: client/src/pages/user-dashboard.tsx func: UserDashboard:179523]
[0m[29.26][[33mWARNING[0m]: Fixpoint timeout while performing taint analysis [rule: config..semgrep.vendored-rules.javascript.lang.security.audit.detect-non-literal-require file: client/src/pages/admin.tsx func: AdminPanel:141302]
[0m[29.36][[33mWARNING[0m]: Fixpoint timeout while performing taint analysis [rule: config..semgrep.vendored-rules.javascript.lang.security.audit.code-string-concat file: server/routes.ts func: registerRoutes:26776]
[0m[29.37][[33mWARNING[0m]: Fixpoint timeout while performing taint analysis [rule: config..semgrep.vendored-rules.javascript.lang.security.audit.detect-non-literal-fs-filename file: server/storage.ts func: deleteUser:173851]
[0m[29.49][[33mWARNING[0m]: Fixpoint timeout while performing taint analysis [rule: config..semgrep.vendored-rules.javascript.lang.security.audit.detect-non-literal-fs-filename file: server/storage.ts func: resolveBattle:173987]
[0m[30.29][[33mWARNING[0m]: Fixpoint timeout while performing taint analysis [rule: config..semgrep.vendored-rules.javascript.lang.security.detect-eval-with-expression file: server/routes.ts func: registerRoutes:26776]
[0m[30.38][[33mWARNING[0m]: Fixpoint timeout while performing taint analysis [rule: config..semgrep.vendored-rules.javascript.lang.security.detect-eval-with-expression file: client/src/pages/admin.tsx func: AdminPanel:141302]
[0m[31.24][[33mWARNING[0m]: Fixpoint timeout while performing taint analysis [rule: config..semgrep.vendored-rules.javascript.express.security.injection.tainted-sql-string file: client/src/pages/admin.tsx func: AdminPanel:141302]
[0m[31.45][[33mWARNING[0m]: Fixpoint timeout while performing taint analysis [rule: config..semgrep.vendored-rules.javascript.express.security.injection.tainted-sql-string file: server/routes.ts func: registerRoutes:26776]
[0m[31.51][[33mWARNING[0m]: Fixpoint timeout while performing taint analysis [rule: config..semgrep.vendored-rules.javascript.express.security.injection.tainted-sql-string file: server/routes.ts func: registerRoutes:26776]
[0m[31.58][[33mWARNING[0m]: Fixpoint timeout while performing taint analysis [rule: config..semgrep.vendored-rules.javascript.express.security.injection.tainted-sql-string file: server/routes.ts func: registerRoutes:26776]
[0m[31.72][[33mWARNING[0m]: Fixpoint timeout while performing taint analysis [rule: config..semgrep.vendored-rules.javascript.express.security.injection.tainted-sql-string file: server/routes.ts func: registerRoutes:26776]
[0m[32.44][[33mWARNING[0m]: Fixpoint timeout while performing taint analysis [rule: config..semgrep.vendored-rules.javascript.express.security.injection.raw-html-format file: client/src/pages/admin.tsx func: AdminPanel:141302]
[0m[32.76][[33mWARNING[0m]: Fixpoint timeout while performing taint analysis [rule: config..semgrep.vendored-rules.javascript.express.security.injection.raw-html-format file: server/routes.ts func: registerRoutes:26776]
[0m[33.19][[33mWARNING[0m]: Fixpoint timeout while performing taint analysis [rule: config..semgrep.vendored-rules.javascript.express.security.audit.remote-property-injection file: client/src/pages/admin.tsx func: AdminPanel:141302]
[0m[33.24][[33mWARNING[0m]: Fixpoint timeout while performing taint analysis [rule: config..semgrep.vendored-rules.javascript.express.security.injection.raw-html-format file: server/routes.ts func: registerRoutes:26776]
[0m[33.39][[33mWARNING[0m]: Fixpoint timeout while performing taint analysis [rule: config..semgrep.vendored-rules.javascript.express.security.injection.raw-html-format file: server/routes.ts func: registerRoutes:26776]
[0m[33.50][[33mWARNING[0m]: Fixpoint timeout while performing taint analysis [rule: config..semgrep.vendored-rules.javascript.express.security.injection.raw-html-format file: server/routes.ts func: registerRoutes:26776]
[0m[33.65][[33mWARNING[0m]: Fixpoint timeout while performing taint analysis [rule: config..semgrep.vendored-rules.javascript.express.security.injection.raw-html-format file: server/routes.ts func: registerRoutes:26776]
[0m[33.76][[33mWARNING[0m]: Fixpoint timeout while performing taint analysis [rule: config..semgrep.vendored-rules.javascript.express.security.injection.raw-html-format file: server/routes.ts func: registerRoutes:26776]
[0m[33.98][[33mWARNING[0m]: Fixpoint timeout while performing taint analysis [rule: config..semgrep.vendored-rules.javascript.express.security.injection.raw-html-format file: server/routes.ts func: registerRoutes:26776]
[0m[34.18][[33mWARNING[0m]: Fixpoint timeout while performing taint analysis [rule: config..semgrep.vendored-rules.javascript.express.security.injection.raw-html-format file: server/routes.ts func: registerRoutes:26776]
[0m[34.50][[33mWARNING[0m]: Fixpoint timeout while performing taint analysis [rule: config..semgrep.vendored-rules.javascript.express.security.injection.raw-html-format file: server/routes.ts func: registerRoutes:26776]
[0m[34.53][[33mWARNING[0m]: Fixpoint timeout while performing taint analysis [rule: config..semgrep.vendored-rules.javascript.express.security.audit.express-ssrf file: client/src/pages/admin.tsx func: AdminPanel:141302]
[0m[34.88][[33mWARNING[0m]: Fixpoint timeout while performing taint analysis [rule: config..semgrep.vendored-rules.javascript.express.security.x-frame-options-misconfiguration file: client/src/pages/admin.tsx func: AdminPanel:141302]
[0m[35.19][[33mWARNING[0m]: Fixpoint timeout while performing taint analysis [rule: config..semgrep.vendored-rules.javascript.express.security.require-request file: client/src/pages/admin.tsx func: AdminPanel:141302]
[0m[35.49][[33mWARNING[0m]: Fixpoint timeout while performing taint analysis [rule: config..semgrep.vendored-rules.javascript.express.security.cors-misconfiguration file: client/src/pages/admin.tsx func: AdminPanel:141302]
[0m[36.03][[33mWARNING[0m]: Fixpoint timeout while performing taint analysis [rule: config..semgrep.vendored-rules.javascript.browser.security.js-open-redirect-from-function file: client/src/pages/admin.tsx func: AdminPanel:141302]
[0m[36.48][[33mWARNING[0m]: Fixpoint timeout while performing taint analysis [rule: config..semgrep.vendored-rules.javascript.express.security.audit.xss.direct-response-write file: server/routes.ts func: registerRoutes:26776]
[0m[36.70][[33mWARNING[0m]: Fixpoint timeout while performing taint analysis [rule: config..semgrep.vendored-rules.javascript.express.security.audit.xss.direct-response-write file: server/routes.ts func: registerRoutes:26776]
[0m[36.81][[33mWARNING[0m]: Fixpoint timeout while performing taint analysis [rule: config..semgrep.vendored-rules.javascript.express.security.audit.xss.direct-response-write file: server/routes.ts func: registerRoutes:26776]
[0m[36.88][[33mWARNING[0m]: Fixpoint timeout while performing taint analysis [rule: config..semgrep.vendored-rules.javascript.browser.security.raw-html-concat file: client/src/pages/admin.tsx func: AdminPanel:141302]
[0m[37.00][[33mWARNING[0m]: Fixpoint timeout while performing taint analysis [rule: config..semgrep.vendored-rules.javascript.express.security.audit.xss.direct-response-write file: server/routes.ts func: registerRoutes:26776]
[0m[37.10][[33mWARNING[0m]: Fixpoint timeout while performing taint analysis [rule: config..semgrep.vendored-rules.javascript.express.security.audit.xss.direct-response-write file: server/routes.ts func: registerRoutes:26776]
[0m[37.26][[33mWARNING[0m]: Fixpoint timeout while performing taint analysis [rule: config..semgrep.vendored-rules.javascript.express.security.audit.xss.direct-response-write file: server/routes.ts func: registerRoutes:26776]
[0m[37.40][[33mWARNING[0m]: Fixpoint timeout while performing taint analysis [rule: config..semgrep.vendored-rules.javascript.express.security.audit.xss.direct-response-write file: server/routes.ts func: registerRoutes:26776]
[0m[37.66][[33mWARNING[0m]: Fixpoint timeout while performing taint analysis [rule: config..semgrep.vendored-rules.javascript.express.security.audit.xss.direct-response-write file: server/routes.ts func: registerRoutes:26776]
[0m[37.76][[33mWARNING[0m]: Fixpoint timeout while performing taint analysis [rule: config..semgrep.vendored-rules.javascript.browser.security.js-open-redirect file: client/src/pages/admin.tsx func: AdminPanel:141302]
[0m[38.75][[33mWARNING[0m]: Fixpoint timeout while performing taint analysis [rule: config..semgrep.vendored-rules.javascript.express.security.audit.remote-property-injection file: server/routes.ts func: registerRoutes:26776]
[0m[40.53][[33mWARNING[0m]: Fixpoint timeout while performing taint analysis [rule: config..semgrep.vendored-rules.javascript.express.security.audit.express-ssrf file: server/routes.ts func: registerRoutes:26776]
[0m[41.47][[33mWARNING[0m]: Fixpoint timeout while performing taint analysis [rule: config..semgrep.vendored-rules.javascript.express.security.audit.express-path-join-resolve-traversal file: server/routes.ts func: registerRoutes:26776]
[0m[41.59][[33mWARNING[0m]: Fixpoint timeout while performing taint analysis [rule: config..semgrep.vendored-rules.javascript.express.security.audit.express-path-join-resolve-traversal file: server/routes.ts func: registerRoutes:26776]
[0m[41.68][[33mWARNING[0m]: Fixpoint timeout while performing taint analysis [rule: config..semgrep.vendored-rules.javascript.express.security.audit.express-path-join-resolve-traversal file: server/routes.ts func: registerRoutes:26776]
[0m[41.78][[33mWARNING[0m]: Fixpoint timeout while performing taint analysis [rule: config..semgrep.vendored-rules.javascript.express.security.audit.express-path-join-resolve-traversal file: server/routes.ts func: registerRoutes:26776]
[0m[41.87][[33mWARNING[0m]: Fixpoint timeout while performing taint analysis [rule: config..semgrep.vendored-rules.javascript.express.security.audit.express-path-join-resolve-traversal file: server/routes.ts func: registerRoutes:26776]
[0m[42.03][[33mWARNING[0m]: Fixpoint timeout while performing taint analysis [rule: config..semgrep.vendored-rules.javascript.express.security.audit.express-path-join-resolve-traversal file: server/routes.ts func: registerRoutes:26776]
[0m[42.17][[33mWARNING[0m]: Fixpoint timeout while performing taint analysis [rule: config..semgrep.vendored-rules.javascript.express.security.audit.express-path-join-resolve-traversal file: server/routes.ts func: registerRoutes:26776]
[0m[42.38][[33mWARNING[0m]: Fixpoint timeout while performing taint analysis [rule: config..semgrep.vendored-rules.javascript.express.security.audit.express-path-join-resolve-traversal file: server/routes.ts func: registerRoutes:26776]
[0m[43.31][[33mWARNING[0m]: Fixpoint timeout while performing taint analysis [rule: config..semgrep.vendored-rules.javascript.express.security.audit.express-open-redirect file: server/routes.ts func: registerRoutes:26776]
[0m[43.78][[33mWARNING[0m]: Fixpoint timeout while performing taint analysis [rule: config..semgrep.vendored-rules.javascript.express.security.audit.express-open-redirect file: server/routes.ts func: registerRoutes:26776]
[0m[43.91][[33mWARNING[0m]: Fixpoint timeout while performing taint analysis [rule: config..semgrep.vendored-rules.javascript.express.security.audit.express-open-redirect file: server/routes.ts func: registerRoutes:26776]
[0m[44.00][[33mWARNING[0m]: Fixpoint timeout while performing taint analysis [rule: config..semgrep.vendored-rules.javascript.express.security.audit.express-open-redirect file: server/routes.ts func: registerRoutes:26776]
[0m[44.13][[33mWARNING[0m]: Fixpoint timeout while performing taint analysis [rule: config..semgrep.vendored-rules.javascript.express.security.audit.express-open-redirect file: server/routes.ts func: registerRoutes:26776]
[0m[44.23][[33mWARNING[0m]: Fixpoint timeout while performing taint analysis [rule: config..semgrep.vendored-rules.javascript.express.security.audit.express-open-redirect file: server/routes.ts func: registerRoutes:26776]
[0m[44.39][[33mWARNING[0m]: Fixpoint timeout while performing taint analysis [rule: config..semgrep.vendored-rules.javascript.express.security.audit.express-open-redirect file: server/routes.ts func: registerRoutes:26776]
[0m[44.54][[33mWARNING[0m]: Fixpoint timeout while performing taint analysis [rule: config..semgrep.vendored-rules.javascript.express.security.audit.express-open-redirect file: server/routes.ts func: registerRoutes:26776]
[0m[44.76][[33mWARNING[0m]: Fixpoint timeout while performing taint analysis [rule: config..semgrep.vendored-rules.javascript.express.security.audit.express-open-redirect file: server/routes.ts func: registerRoutes:26776]
[0m[45.68][[33mWARNING[0m]: Fixpoint timeout while performing taint analysis [rule: config..semgrep.vendored-rules.javascript.express.security.express-wkhtmltoimage-injection file: server/routes.ts func: registerRoutes:26776]
[0m[45.91][[33mWARNING[0m]: Fixpoint timeout while performing taint analysis [rule: config..semgrep.vendored-rules.javascript.express.security.express-wkhtmltoimage-injection file: server/routes.ts func: registerRoutes:26776]
[0m[46.19][[33mWARNING[0m]: Fixpoint timeout while performing taint analysis [rule: config..semgrep.vendored-rules.javascript.express.security.express-wkhtmltoimage-injection file: server/routes.ts func: registerRoutes:26776]
[0m[46.37][[33mWARNING[0m]: Fixpoint timeout while performing taint analysis [rule: config..semgrep.vendored-rules.javascript.express.security.express-wkhtmltoimage-injection file: server/routes.ts func: registerRoutes:26776]
[0m[46.66][[33mWARNING[0m]: Fixpoint timeout while performing taint analysis [rule: config..semgrep.vendored-rules.javascript.express.security.express-wkhtmltoimage-injection file: server/routes.ts func: registerRoutes:26776]
[0m[46.94][[33mWARNING[0m]: Fixpoint timeout while performing taint analysis [rule: config..semgrep.vendored-rules.javascript.express.security.express-wkhtmltoimage-injection file: server/routes.ts func: registerRoutes:26776]
[0m[47.29][[33mWARNING[0m]: Fixpoint timeout while performing taint analysis [rule: config..semgrep.vendored-rules.javascript.express.security.express-wkhtmltoimage-injection file: server/routes.ts func: registerRoutes:26776]
[0m[48.46][[33mWARNING[0m]: Fixpoint timeout while performing taint analysis [rule: config..semgrep.vendored-rules.javascript.express.security.x-frame-options-misconfiguration file: server/routes.ts func: registerRoutes:26776]
[0m[48.67][[33mWARNING[0m]: Fixpoint timeout while performing taint analysis [rule: config..semgrep.vendored-rules.javascript.express.security.x-frame-options-misconfiguration file: server/routes.ts func: registerRoutes:26776]
[0m[48.92][[33mWARNING[0m]: Fixpoint timeout while performing taint analysis [rule: config..semgrep.vendored-rules.javascript.express.security.x-frame-options-misconfiguration file: server/routes.ts func: registerRoutes:26776]
[0m[49.08][[33mWARNING[0m]: Fixpoint timeout while performing taint analysis [rule: config..semgrep.vendored-rules.javascript.express.security.x-frame-options-misconfiguration file: server/routes.ts func: registerRoutes:26776]
[0m[49.30][[33mWARNING[0m]: Fixpoint timeout while performing taint analysis [rule: config..semgrep.vendored-rules.javascript.express.security.x-frame-options-misconfiguration file: server/routes.ts func: registerRoutes:26776]
[0m[49.54][[33mWARNING[0m]: Fixpoint timeout while performing taint analysis [rule: config..semgrep.vendored-rules.javascript.express.security.x-frame-options-misconfiguration file: server/routes.ts func: registerRoutes:26776]
[0m[49.78][[33mWARNING[0m]: Fixpoint timeout while performing taint analysis [rule: config..semgrep.vendored-rules.javascript.express.security.x-frame-options-misconfiguration file: server/routes.ts func: registerRoutes:26776]
[0m[50.88][[33mWARNING[0m]: Fixpoint timeout while performing taint analysis [rule: config..semgrep.vendored-rules.javascript.express.security.require-request file: server/routes.ts func: registerRoutes:26776]
[0m[51.14][[33mWARNING[0m]: Fixpoint timeout while performing taint analysis [rule: config..semgrep.vendored-rules.javascript.express.security.require-request file: server/routes.ts func: registerRoutes:26776]
[0m[51.47][[33mWARNING[0m]: Fixpoint timeout while performing taint analysis [rule: config..semgrep.vendored-rules.javascript.express.security.require-request file: server/routes.ts func: registerRoutes:26776]
[0m[51.61][[33mWARNING[0m]: Fixpoint timeout while performing taint analysis [rule: config..semgrep.vendored-rules.javascript.express.security.require-request file: server/routes.ts func: registerRoutes:26776]
[0m[51.83][[33mWARNING[0m]: Fixpoint timeout while performing taint analysis [rule: config..semgrep.vendored-rules.javascript.express.security.require-request file: server/routes.ts func: registerRoutes:26776]
[0m[52.15][[33mWARNING[0m]: Fixpoint timeout while performing taint analysis [rule: config..semgrep.vendored-rules.javascript.express.security.require-request file: server/routes.ts func: registerRoutes:26776]
[0m[52.37][[33mWARNING[0m]: Fixpoint timeout while performing taint analysis [rule: config..semgrep.vendored-rules.javascript.express.security.require-request file: server/routes.ts func: registerRoutes:26776]
[0m[53.48][[33mWARNING[0m]: Fixpoint timeout while performing taint analysis [rule: config..semgrep.vendored-rules.javascript.express.security.cors-misconfiguration file: server/routes.ts func: registerRoutes:26776]
[0m[53.71][[33mWARNING[0m]: Fixpoint timeout while performing taint analysis [rule: config..semgrep.vendored-rules.javascript.express.security.cors-misconfiguration file: server/routes.ts func: registerRoutes:26776]
[0m[53.88][[33mWARNING[0m]: Fixpoint timeout while performing taint analysis [rule: config..semgrep.vendored-rules.javascript.express.security.cors-misconfiguration file: server/routes.ts func: registerRoutes:26776]
[0m[54.10][[33mWARNING[0m]: Fixpoint timeout while performing taint analysis [rule: config..semgrep.vendored-rules.javascript.express.security.cors-misconfiguration file: server/routes.ts func: registerRoutes:26776]
[0m[54.32][[33mWARNING[0m]: Fixpoint timeout while performing taint analysis [rule: config..semgrep.vendored-rules.javascript.express.security.cors-misconfiguration file: server/routes.ts func: registerRoutes:26776]
[0m[54.53][[33mWARNING[0m]: Fixpoint timeout while performing taint analysis [rule: config..semgrep.vendored-rules.javascript.express.security.cors-misconfiguration file: server/routes.ts func: registerRoutes:26776]
[0m[55.40][[33mWARNING[0m]: Fixpoint timeout while performing taint analysis [rule: config..semgrep.vendored-rules.javascript.browser.security.js-open-redirect-from-function file: server/routes.ts func: registerRoutes:26776]
[0m--- end semgrep-core stderr ---
2025-07-06 01:47:32,411 - semgrep.rule_match - DEBUG - match_key = ('', PosixPath('client/index.html'), 'config..semgrep.vendored-rules.html.security.audit.missing-integrity') match_id = 0ee74fd49637bebe183eca7188dbde26e386314e62cc2e7ba1ee60b377b638243fcd84e6c6fa04886198ccacfa6a711bfbcc61a28f9ddc913d5b3c53083cbc90_0
2025-07-06 01:47:32,412 - semgrep.rule_match - DEBUG - match_key = (' type="text/javascript" src="https://replit.com/public/js/replit-dev-banner.js" (?is).*integrity= (google-analytics\\.com|fonts\\.googleapis\\.com|fonts\\.gstatic\\.com|googletagmanager\\.com) .*rel\\s*=\\s*[\'"]?preconnect.* href="... :// ..." href="//..." href=\'... :// ...\' href=\'//...\' src="... :// ..." src="//..." src=\'... :// ...\' src=\'//...\' <link  type="text/javascript" src="https://replit.com/public/js/replit-dev-banner.js" > <script  type="text/javascript" src="https://replit.com/public/js/replit-dev-banner.js" >...</script>', PosixPath('client/index.html'), 'config..semgrep.vendored-rules.html.security.audit.missing-integrity') match_id = 0728b64e224596592d04447ba8a642ff94e1fb9fcc07be26d49dc7e7f6898e638ad16ffcaca086932c58f4c6400fe32603323afef02cf9bfebcb0e4a53562a40_0
2025-07-06 01:47:32,412 - semgrep.rule_match - DEBUG - match_key = (' type="text/javascript" src="https://replit.com/public/js/replit-dev-banner.js" (?is).*integrity= (google-analytics\\.com|fonts\\.googleapis\\.com|fonts\\.gstatic\\.com|googletagmanager\\.com) .*rel\\s*=\\s*[\'"]?preconnect.* href="... :// ..." href="//..." href=\'... :// ...\' href=\'//...\' src="... :// ..." src="//..." src=\'... :// ...\' src=\'//...\' <link  type="text/javascript" src="https://replit.com/public/js/replit-dev-banner.js" > <script  type="text/javascript" src="https://replit.com/public/js/replit-dev-banner.js" >...</script>', PosixPath('client/index.html'), 'config..semgrep.vendored-rules.html.security.audit.missing-integrity') match_id = 0728b64e224596592d04447ba8a642ff94e1fb9fcc07be26d49dc7e7f6898e638ad16ffcaca086932c58f4c6400fe32603323afef02cf9bfebcb0e4a53562a40_0
2025-07-06 01:47:32,412 - semgrep.rule_match - DEBUG - match_key = (' type="text/javascript" src="https://replit.com/public/js/replit-dev-banner.js" (?is).*integrity= (google-analytics\\.com|fonts\\.googleapis\\.com|fonts\\.gstatic\\.com|googletagmanager\\.com) .*rel\\s*=\\s*[\'"]?preconnect.* href="... :// ..." href="//..." href=\'... :// ...\' href=\'//...\' src="... :// ..." src="//..." src=\'... :// ...\' src=\'//...\' <link  type="text/javascript" src="https://replit.com/public/js/replit-dev-banner.js" > <script  type="text/javascript" src="https://replit.com/public/js/replit-dev-banner.js" >...</script>', PosixPath('client/index.html'), 'config..semgrep.vendored-rules.html.security.audit.missing-integrity') match_id = 0728b64e224596592d04447ba8a642ff94e1fb9fcc07be26d49dc7e7f6898e638ad16ffcaca086932c58f4c6400fe32603323afef02cf9bfebcb0e4a53562a40_0
2025-07-06 01:47:32,413 - semgrep.rule_match - DEBUG - match_key = ('', PosixPath('client/src/components/social-share.tsx'), 'config..semgrep.vendored-rules.javascript.lang.security.audit.unsafe-dynamic-method') match_id = 72e8b35298d4748c0ba6528c08f82ab64c2d95672092630834e7ec08b51d6c6781b69e90843075f4a2c14760c4478f9f7bccea1cc6021c3589031d9968defd07_0
2025-07-06 01:47:32,414 - semgrep.rule_match - DEBUG - match_key = ('"..."\n (platform: float)\n platform shareUrls[platform](...) $Y = shareUrls[platform]\n...\n$Y(...)\n $SMTH.forEach(...)\n $SMTH.map(...)\n $SMTH.reduce(...)\n $SMTH.reduceRight(...)\n for (...) {...}\n if (<... shareUrls.hasOwnProperty(...) ...>) {\n  ...\n}\n...\n', PosixPath('client/src/components/social-share.tsx'), 'config..semgrep.vendored-rules.javascript.lang.security.audit.unsafe-dynamic-method') match_id = fe9ba39dd5dd04ee8571d51c4206810d742cc5367c049eee8882504b2c2b54ab173202e238d0608569a3bace65f8522b7c8b048f594e7efe49b59ae5bd670c05_0
2025-07-06 01:47:32,414 - semgrep.rule_match - DEBUG - match_key = ('"..."\n (platform: float)\n platform shareUrls[platform](...) $Y = shareUrls[platform]\n...\n$Y(...)\n $SMTH.forEach(...)\n $SMTH.map(...)\n $SMTH.reduce(...)\n $SMTH.reduceRight(...)\n for (...) {...}\n if (<... shareUrls.hasOwnProperty(...) ...>) {\n  ...\n}\n...\n', PosixPath('client/src/components/social-share.tsx'), 'config..semgrep.vendored-rules.javascript.lang.security.audit.unsafe-dynamic-method') match_id = fe9ba39dd5dd04ee8571d51c4206810d742cc5367c049eee8882504b2c2b54ab173202e238d0608569a3bace65f8522b7c8b048f594e7efe49b59ae5bd670c05_0
2025-07-06 01:47:32,415 - semgrep.rule_match - DEBUG - match_key = ('"..."\n (platform: float)\n platform shareUrls[platform](...) $Y = shareUrls[platform]\n...\n$Y(...)\n $SMTH.forEach(...)\n $SMTH.map(...)\n $SMTH.reduce(...)\n $SMTH.reduceRight(...)\n for (...) {...}\n if (<... shareUrls.hasOwnProperty(...) ...>) {\n  ...\n}\n...\n', PosixPath('client/src/components/social-share.tsx'), 'config..semgrep.vendored-rules.javascript.lang.security.audit.unsafe-dynamic-method') match_id = fe9ba39dd5dd04ee8571d51c4206810d742cc5367c049eee8882504b2c2b54ab173202e238d0608569a3bace65f8522b7c8b048f594e7efe49b59ae5bd670c05_0
2025-07-06 01:47:32,415 - semgrep.rule_match - DEBUG - match_key = ('', PosixPath('client/src/components/wallet-balances.tsx'), 'config..semgrep.vendored-rules.javascript.lang.security.audit.unsafe-formatstring') match_id = 74a74378b7996629307d505c37c190121b903f05416c9037df040dd7fe4402624f04efd0d17c9cec5fc9b6a403d5a0909a1544174f54a05c886fd782378372a4_0
2025-07-06 01:47:32,416 - semgrep.rule_match - DEBUG - match_key = ('"..." + "..."\n $X + $Y $X.concat($Y) `...${...}...`\n $X.concat("...")\n ``tokenConfig.symbol balance fetch error:` $UTIL = require(\'util\')\n...\n $UTIL.format(``tokenConfig.symbol balance fetch error:`,error,...)\n console.log(``tokenConfig.symbol balance fetch error:`,error,...)\n', PosixPath('client/src/components/wallet-balances.tsx'), 'config..semgrep.vendored-rules.javascript.lang.security.audit.unsafe-formatstring') match_id = 828ca54d555f89567ecf4cb98bd6f00cfe53178891c391d33746a9b6fe44ee93046019c86a740dea01e4950294de3ede785ba47fc20ad778d600c87376444ad1_0
2025-07-06 01:47:32,416 - semgrep.rule_match - DEBUG - match_key = ('"..." + "..."\n $X + $Y $X.concat($Y) `...${...}...`\n $X.concat("...")\n ``tokenConfig.symbol balance fetch error:` $UTIL = require(\'util\')\n...\n $UTIL.format(``tokenConfig.symbol balance fetch error:`,error,...)\n console.log(``tokenConfig.symbol balance fetch error:`,error,...)\n', PosixPath('client/src/components/wallet-balances.tsx'), 'config..semgrep.vendored-rules.javascript.lang.security.audit.unsafe-formatstring') match_id = 828ca54d555f89567ecf4cb98bd6f00cfe53178891c391d33746a9b6fe44ee93046019c86a740dea01e4950294de3ede785ba47fc20ad778d600c87376444ad1_0
2025-07-06 01:47:32,417 - semgrep.rule_match - DEBUG - match_key = ('"..." + "..."\n $X + $Y $X.concat($Y) `...${...}...`\n $X.concat("...")\n ``tokenConfig.symbol balance fetch error:` $UTIL = require(\'util\')\n...\n $UTIL.format(``tokenConfig.symbol balance fetch error:`,error,...)\n console.log(``tokenConfig.symbol balance fetch error:`,error,...)\n', PosixPath('client/src/components/wallet-balances.tsx'), 'config..semgrep.vendored-rules.javascript.lang.security.audit.unsafe-formatstring') match_id = 828ca54d555f89567ecf4cb98bd6f00cfe53178891c391d33746a9b6fe44ee93046019c86a740dea01e4950294de3ede785ba47fc20ad778d600c87376444ad1_0
2025-07-06 01:47:32,417 - semgrep.rule_match - DEBUG - match_key = ('', PosixPath('client/src/components/wallet-balances.tsx'), 'config..semgrep.vendored-rules.javascript.lang.security.audit.unsafe-formatstring') match_id = 74a74378b7996629307d505c37c190121b903f05416c9037df040dd7fe4402624f04efd0d17c9cec5fc9b6a403d5a0909a1544174f54a05c886fd782378372a4_0
2025-07-06 01:47:32,418 - semgrep.rule_match - DEBUG - match_key = ('"..." + "..."\n $X + $Y $X.concat($Y) `...${...}...`\n $X.concat("...")\n ``Error fetching tokenConfig.symbol balance:` $UTIL = require(\'util\')\n...\n $UTIL.format(``Error fetching tokenConfig.symbol balance:`,error,...)\n console.log(``Error fetching tokenConfig.symbol balance:`,error,...)\n', PosixPath('client/src/components/wallet-balances.tsx'), 'config..semgrep.vendored-rules.javascript.lang.security.audit.unsafe-formatstring') match_id = 99781b7c61cb222232a0a9d046c8fa4c31955c067a165b9164fd13685283e32fe6264493def5d715b80142b731877cd49ac155370db32b348cf69850c63e6dc9_0
2025-07-06 01:47:32,418 - semgrep.rule_match - DEBUG - match_key = ('"..." + "..."\n $X + $Y $X.concat($Y) `...${...}...`\n $X.concat("...")\n ``Error fetching tokenConfig.symbol balance:` $UTIL = require(\'util\')\n...\n $UTIL.format(``Error fetching tokenConfig.symbol balance:`,error,...)\n console.log(``Error fetching tokenConfig.symbol balance:`,error,...)\n', PosixPath('client/src/components/wallet-balances.tsx'), 'config..semgrep.vendored-rules.javascript.lang.security.audit.unsafe-formatstring') match_id = 99781b7c61cb222232a0a9d046c8fa4c31955c067a165b9164fd13685283e32fe6264493def5d715b80142b731877cd49ac155370db32b348cf69850c63e6dc9_0
2025-07-06 01:47:32,418 - semgrep.rule_match - DEBUG - match_key = ('"..." + "..."\n $X + $Y $X.concat($Y) `...${...}...`\n $X.concat("...")\n ``Error fetching tokenConfig.symbol balance:` $UTIL = require(\'util\')\n...\n $UTIL.format(``Error fetching tokenConfig.symbol balance:`,error,...)\n console.log(``Error fetching tokenConfig.symbol balance:`,error,...)\n', PosixPath('client/src/components/wallet-balances.tsx'), 'config..semgrep.vendored-rules.javascript.lang.security.audit.unsafe-formatstring') match_id = 99781b7c61cb222232a0a9d046c8fa4c31955c067a165b9164fd13685283e32fe6264493def5d715b80142b731877cd49ac155370db32b348cf69850c63e6dc9_0
2025-07-06 01:47:32,419 - semgrep.rule_match - DEBUG - match_key = ('', PosixPath('client/src/pages/admin.tsx'), 'config..semgrep.vendored-rules.javascript.lang.security.audit.incomplete-sanitization') match_id = c8aba6a7fd73e63f720b2b7154bde2c1dbd337922f6012e13b1ed3f4e64bf5fa5075b3856fff9089ad74539556a9315d3d4d4ffb78f60977db94f0baad5a22bd_0
2025-07-06 01:47:32,421 - semgrep.rule_match - DEBUG - match_key = ('\'%\' ^[\\"\\\']([\\\'\\"\\<\\>\\*\\|\\{\\}\\[\\]\\%\\$]{1}|\\\\n|\\\\r|\\\\t|\\\\&)[\\"\\\']$ prediction.accuracy.replace((\'%\': string), ...)\n', PosixPath('client/src/pages/admin.tsx'), 'config..semgrep.vendored-rules.javascript.lang.security.audit.incomplete-sanitization') match_id = d1b79ee443616738de378ddbf785bc0ec5c9b712fe8e3efac18124c545b480ad2d5a708516d6f62e52e8fb9bbd4aa9a714c9764e00ef8e6909ac7662e25abb74_0
2025-07-06 01:47:32,423 - semgrep.rule_match - DEBUG - match_key = ('\'%\' ^[\\"\\\']([\\\'\\"\\<\\>\\*\\|\\{\\}\\[\\]\\%\\$]{1}|\\\\n|\\\\r|\\\\t|\\\\&)[\\"\\\']$ prediction.accuracy.replace((\'%\': string), ...)\n', PosixPath('client/src/pages/admin.tsx'), 'config..semgrep.vendored-rules.javascript.lang.security.audit.incomplete-sanitization') match_id = d1b79ee443616738de378ddbf785bc0ec5c9b712fe8e3efac18124c545b480ad2d5a708516d6f62e52e8fb9bbd4aa9a714c9764e00ef8e6909ac7662e25abb74_0
2025-07-06 01:47:32,424 - semgrep.rule_match - DEBUG - match_key = ('\'%\' ^[\\"\\\']([\\\'\\"\\<\\>\\*\\|\\{\\}\\[\\]\\%\\$]{1}|\\\\n|\\\\r|\\\\t|\\\\&)[\\"\\\']$ prediction.accuracy.replace((\'%\': string), ...)\n', PosixPath('client/src/pages/admin.tsx'), 'config..semgrep.vendored-rules.javascript.lang.security.audit.incomplete-sanitization') match_id = d1b79ee443616738de378ddbf785bc0ec5c9b712fe8e3efac18124c545b480ad2d5a708516d6f62e52e8fb9bbd4aa9a714c9764e00ef8e6909ac7662e25abb74_0
2025-07-06 01:47:32,425 - semgrep.rule_match - DEBUG - match_key = ('', PosixPath('client/src/pages/how-to-play.tsx'), 'config..semgrep.vendored-rules.javascript.browser.security.insecure-innerhtml') match_id = bb31693b1232f34508b22beb3259df5f0fbc8c85086ed1e2c2f26c3bc8428857c624325363ccffd1ea43f71613d70aac2690c016051fbcdf83a7b4b244721caf_0
2025-07-06 01:47:32,426 - semgrep.rule_match - DEBUG - match_key = ('target.parentElement.innerHTML = "...";\n target.parentElement.innerHTML = ``\n                            <div class="w-12 h-12 crypto.color rounded-full flex items-center justify-center">\n                              <span class="text-white font-bold text-xs">crypto.symbol</span>\n                            </div>\n                          `;\n', PosixPath('client/src/pages/how-to-play.tsx'), 'config..semgrep.vendored-rules.javascript.browser.security.insecure-innerhtml') match_id = 7a8a131cf5b62865bda885748f8c4a85fdf906d5b25bd4a83dd18075e8fd686c82655552bf06efa1bb357e076e35be4670abf14d5dfec5027d586474c431cc93_0
2025-07-06 01:47:32,426 - semgrep.rule_match - DEBUG - match_key = ('target.parentElement.innerHTML = "...";\n target.parentElement.innerHTML = ``\n                            <div class="w-12 h-12 crypto.color rounded-full flex items-center justify-center">\n                              <span class="text-white font-bold text-xs">crypto.symbol</span>\n                            </div>\n                          `;\n', PosixPath('client/src/pages/how-to-play.tsx'), 'config..semgrep.vendored-rules.javascript.browser.security.insecure-innerhtml') match_id = 7a8a131cf5b62865bda885748f8c4a85fdf906d5b25bd4a83dd18075e8fd686c82655552bf06efa1bb357e076e35be4670abf14d5dfec5027d586474c431cc93_0
2025-07-06 01:47:32,427 - semgrep.rule_match - DEBUG - match_key = ('target.parentElement.innerHTML = "...";\n target.parentElement.innerHTML = ``\n                            <div class="w-12 h-12 crypto.color rounded-full flex items-center justify-center">\n                              <span class="text-white font-bold text-xs">crypto.symbol</span>\n                            </div>\n                          `;\n', PosixPath('client/src/pages/how-to-play.tsx'), 'config..semgrep.vendored-rules.javascript.browser.security.insecure-innerhtml') match_id = 7a8a131cf5b62865bda885748f8c4a85fdf906d5b25bd4a83dd18075e8fd686c82655552bf06efa1bb357e076e35be4670abf14d5dfec5027d586474c431cc93_0
2025-07-06 01:47:32,428 - semgrep.rule_match - DEBUG - match_key = ('', PosixPath('client/src/pages/how-to-play.tsx'), 'config..semgrep.vendored-rules.javascript.browser.security.insecure-document-method') match_id = e92bf9564c60fc25324fe6bdd8bcc7be1d93c32ac3d30c82cf4d66ae2bb0836fb968d24a64cc0c111d4f7e6fa0372724e23fc21655dc882a70e387927cda7884_0
2025-07-06 01:47:32,428 - semgrep.rule_match - DEBUG - match_key = ('target.parentElement.innerHTML = "...";\n target.parentElement.innerHTML = ``\n                            <div class="w-12 h-12 crypto.color rounded-full flex items-center justify-center">\n                              <span class="text-white font-bold text-xs">crypto.symbol</span>\n                            </div>\n                          `;\n target.parentElement.outerHTML = ``\n                            <div class="w-12 h-12 crypto.color rounded-full flex items-center justify-center">\n                              <span class="text-white font-bold text-xs">crypto.symbol</span>\n                            </div>\n                          `;\n document.write(...) target.parentElement.outerHTML = "...";\n document.write("...")', PosixPath('client/src/pages/how-to-play.tsx'), 'config..semgrep.vendored-rules.javascript.browser.security.insecure-document-method') match_id = a2c03d9c1765c0aef53bdb5b79da4ebed1613203c8b34a1c16edb964a53665c5bd60bd13b450a7d83abf4f3aefbb7041ff889f22c390385b2805d3dc58213aa0_0
2025-07-06 01:47:32,429 - semgrep.rule_match - DEBUG - match_key = ('target.parentElement.innerHTML = "...";\n target.parentElement.innerHTML = ``\n                            <div class="w-12 h-12 crypto.color rounded-full flex items-center justify-center">\n                              <span class="text-white font-bold text-xs">crypto.symbol</span>\n                            </div>\n                          `;\n target.parentElement.outerHTML = ``\n                            <div class="w-12 h-12 crypto.color rounded-full flex items-center justify-center">\n                              <span class="text-white font-bold text-xs">crypto.symbol</span>\n                            </div>\n                          `;\n document.write(...) target.parentElement.outerHTML = "...";\n document.write("...")', PosixPath('client/src/pages/how-to-play.tsx'), 'config..semgrep.vendored-rules.javascript.browser.security.insecure-document-method') match_id = a2c03d9c1765c0aef53bdb5b79da4ebed1613203c8b34a1c16edb964a53665c5bd60bd13b450a7d83abf4f3aefbb7041ff889f22c390385b2805d3dc58213aa0_0
2025-07-06 01:47:32,429 - semgrep.rule_match - DEBUG - match_key = ('target.parentElement.innerHTML = "...";\n target.parentElement.innerHTML = ``\n                            <div class="w-12 h-12 crypto.color rounded-full flex items-center justify-center">\n                              <span class="text-white font-bold text-xs">crypto.symbol</span>\n                            </div>\n                          `;\n target.parentElement.outerHTML = ``\n                            <div class="w-12 h-12 crypto.color rounded-full flex items-center justify-center">\n                              <span class="text-white font-bold text-xs">crypto.symbol</span>\n                            </div>\n                          `;\n document.write(...) target.parentElement.outerHTML = "...";\n document.write("...")', PosixPath('client/src/pages/how-to-play.tsx'), 'config..semgrep.vendored-rules.javascript.browser.security.insecure-document-method') match_id = a2c03d9c1765c0aef53bdb5b79da4ebed1613203c8b34a1c16edb964a53665c5bd60bd13b450a7d83abf4f3aefbb7041ff889f22c390385b2805d3dc58213aa0_0
2025-07-06 01:47:32,430 - semgrep.rule_match - DEBUG - match_key = ('', PosixPath('client/src/pages/how-to-play.tsx'), 'config..semgrep.vendored-rules.javascript.lang.security.html-in-template-string') match_id = 3c9070296dfe294f91ce3b153b33617b5950626ae501c4ebbdf702747a3a228dbad6df07fbbd05d1ac3fcb0b7d36660bde1c229c8c6ea86ea89efb6555501800_0
2025-07-06 01:47:32,430 - semgrep.rule_match - DEBUG - match_key = ('</span>\n                            </div>\n                           .*</?[a-zA-Z] `</span>\n                            </div>\n                          ${crypto.symbol}...`\n `...${crypto.symbol}</span>\n                            </div>\n                          `\n', PosixPath('client/src/pages/how-to-play.tsx'), 'config..semgrep.vendored-rules.javascript.lang.security.html-in-template-string') match_id = 063621f7ba10de34fb92408765a3ea75e0473b55677f1ba13b334c2f97330ee7f4092813f73633734d9ccaf5ee8063ca42338c20cf26d09b2505ed964e568fd5_0
2025-07-06 01:47:32,431 - semgrep.rule_match - DEBUG - match_key = ('</span>\n                            </div>\n                           .*</?[a-zA-Z] `</span>\n                            </div>\n                          ${crypto.symbol}...`\n `...${crypto.symbol}</span>\n                            </div>\n                          `\n', PosixPath('client/src/pages/how-to-play.tsx'), 'config..semgrep.vendored-rules.javascript.lang.security.html-in-template-string') match_id = 063621f7ba10de34fb92408765a3ea75e0473b55677f1ba13b334c2f97330ee7f4092813f73633734d9ccaf5ee8063ca42338c20cf26d09b2505ed964e568fd5_0
2025-07-06 01:47:32,431 - semgrep.rule_match - DEBUG - match_key = ('</span>\n                            </div>\n                           .*</?[a-zA-Z] `</span>\n                            </div>\n                          ${crypto.symbol}...`\n `...${crypto.symbol}</span>\n                            </div>\n                          `\n', PosixPath('client/src/pages/how-to-play.tsx'), 'config..semgrep.vendored-rules.javascript.lang.security.html-in-template-string') match_id = 063621f7ba10de34fb92408765a3ea75e0473b55677f1ba13b334c2f97330ee7f4092813f73633734d9ccaf5ee8063ca42338c20cf26d09b2505ed964e568fd5_0
2025-07-06 01:47:32,432 - semgrep.rule_match - DEBUG - match_key = ('', PosixPath('scripts/backup-system.js'), 'config..semgrep.vendored-rules.javascript.lang.security.audit.detect-non-literal-fs-filename') match_id = 912516ddcf9c0d9d537ebe13230a5935e46f66e18f7c00eb80d323af736573da42259cde40c41f772b7a72e1db74b623e7885a8487463b5a36115011d944e4b3_0
2025-07-06 01:47:32,433 - semgrep.rule_match - DEBUG - match_key = ('files function ... (..., files,...) {...} file fs = require(\'fs\')\n...\n fs = require(\'fs/promises\')\n...\n import fs from \'fs\'\n...\n import fs from \'fs/promises\'\n...\n import * as fs from \'fs\'\n...\n import * as fs from \'fs/promises\'\n...\n fs. ... .$METHOD("...", ...) fs. ... .access(file,...) fs. ... .accessSync(file, ...) fs. ... .appendFile(file,...) fs. ... .appendFileSync(file, ...) fs. ... .chmod(file,...) fs. ... .chmodSync(file, ...) fs. ... .chown(file,...) fs. ... .chownSync(file, ...) fs. ... .close(file,...) fs. ... .closeSync(file, ...) fs. ... .copyFile(file,...) fs. ... .copyFile($SMTH, file,...) fs. ... .copyFileSync(file, ...) fs. ... .copyFileSync($SMTH, file, ...) fs. ... .cp(file, ...) fs. ... .cp($SMTH, file, ...) fs. ... .cpSync(file, ...) fs. ... .cpSync($SMTH, file, ...) fs. ... .createReadStream(file,...) fs. ... .createWriteStream(file,...) fs. ... .exists(file, ...) fs. ... .existsSync(file, ...) fs. ... .fchmod(file, ...) fs. ... .fchmodSync(file, ...) fs. ... .fchown(file, ...) fs. ... .fchownSync(file, ...) fs. ... .fdatasync(file, ...) fs. ... .fdatasyncSync(file, ...) fs. ... .fstat(file, ...) fs. ... .fstatSync(file, ...) fs. ... .fsync(file, ...) fs. ... .fsyncSync(file, ...) fs. ... .ftruncate(file, ...) fs. ... .ftruncateSync(file, ...) fs. ... .futimes(file, ...) fs. ... .futimesSync(file, ...) fs. ... .lchmod(file, ...) fs. ... .lchmodSync(file, ...) fs. ... .lchown(file, ...) fs. ... .lchownSync(file, ...) fs. ... .link(file, ...) fs. ... .link($SMTH, file, ...) fs. ... .linkSync(file, ...) fs. ... .linkSync($SMTH, file, ...) fs. ... .lstat(file, ...) fs. ... .lstatSync(file, ...) fs. ... .lutimes(file, ...) fs. ... .lutimesSync(file, ...) fs. ... .mkdir(file, ...) fs. ... .mkdirSync(file, ...) fs. ... .mkdtemp(file, ...) fs. ... .mkdtempSync(file, ...) fs. ... .open(file, ...) fs. ... .openSync(file, ...) fs. ... .opendir(file, ...) fs. ... .opendirSync(file, ...) fs. ... .read(file, ...) fs. ... .read(file, ...) fs. ... .readFile(file, ...) fs. ... .readFileSync(file, ...) fs. ... .readSync(file, ...) fs. ... .readSync(file, ...) fs. ... .readdir(file, ...) fs. ... .readdirSync(file, ...) fs. ... .readlink(file, ...) fs. ... .readlinkSync(file, ...) fs. ... .readv(file, ...) fs. ... .readvSync(file, ...) fs. ... .realpath(file, ...) fs. ... .realpath.native(file, ...) fs. ... .realpathSync.native(file, ...) fs. ... .realpathync(file, ...) fs. ... .rename(file, ...) fs. ... .rename($SMTH, file, ...) fs. ... .renameSync(file, ...) fs. ... .renameSync($SMTH, file, ...) fs. ... .rm(file, ...) fs. ... .rmSync(file, ...) fs. ... .rmdir(file, ...) fs. ... .rmdirSync(file, ...) fs. ... .stat(file, ...) fs. ... .statSync(file, ...) fs. ... .symlink(file, ...) fs. ... .symlink($SMTH, file, ...) fs. ... .symlinkSync(file, ...) fs. ... .symlinkSync($SMTH, file, ...) fs. ... .truncate(file, ...) fs. ... .truncateSync(file, ...) fs. ... .unlink(file, ...) fs. ... .unlinkSync(file, ...) fs. ... .unwatchFile(file, ...) fs. ... .utimes(file, ...) fs. ... .utimesSync(file, ...) fs. ... .watch(file, ...) fs. ... .watchFile(file, ...) fs. ... .write(file, ...) fs. ... .writeFile(file, ...) fs. ... .writeFileSync(file, ...) fs. ... .writeSync(file, ...) fs. ... .writev(file, ...) fs. ... .writevSync(file, ...) file $METHOD("...", ...) access(file,...) accessSync(file, ...) appendFile(file,...) appendFileSync(file, ...) chmod(file,...) chmodSync(file, ...) chown(file,...) chownSync(file, ...) close(file,...) closeSync(file, ...) copyFile(file,...) copyFile($SMTH, file,...) copyFileSync(file, ...) copyFileSync($SMTH, file, ...) cp(file, ...) cp($SMTH, file, ...) cpSync(file, ...) cpSync($SMTH, file, ...) createReadStream(file,...) createWriteStream(file,...) exists(file, ...) existsSync(file, ...) fchmod(file, ...) fchmodSync(file, ...) fchown(file, ...) fchownSync(file, ...) fdatasync(file, ...) fdatasyncSync(file, ...) fstat(file, ...) fstatSync(file, ...) fsync(file, ...) fsyncSync(file, ...) ftruncate(file, ...) ftruncateSync(file, ...) futimes(file, ...) futimesSync(file, ...) lchmod(file, ...) lchmodSync(file, ...) lchown(file, ...) lchownSync(file, ...) link(file, ...) link($SMTH, file, ...) linkSync(file, ...) linkSync($SMTH, file, ...) lstat(file, ...) lstatSync(file, ...) lutimes(file, ...) lutimesSync(file, ...) mkdir(file, ...) mkdirSync(file, ...) mkdtemp(file, ...) mkdtempSync(file, ...) open(file, ...) openSync(file, ...) opendir(file, ...) opendirSync(file, ...) read(file, ...) read(file, ...) readFile(file, ...) readFileSync(file, ...) readSync(file, ...) readSync(file, ...) readdir(file, ...) readdirSync(file, ...) readlink(file, ...) readlinkSync(file, ...) readv(file, ...) readvSync(file, ...) realpath(file, ...) realpath.native(file, ...) realpathSync.native(file, ...) realpathync(file, ...) rename(file, ...) rename($SMTH, file, ...) renameSync(file, ...) renameSync($SMTH, file, ...) rm(file, ...) rmSync(file, ...) rmdir(file, ...) rmdirSync(file, ...) stat(file, ...) statSync(file, ...) symlink(file, ...) symlink($SMTH, file, ...) symlinkSync(file, ...) symlinkSync($SMTH, file, ...) truncate(file, ...) truncateSync(file, ...) unlink(file, ...) unlinkSync(file, ...) unwatchFile(file, ...) utimes(file, ...) utimesSync(file, ...) watch(file, ...) watchFile(file, ...) write(file, ...) writeFile(file, ...) writeFileSync(file, ...) writeSync(file, ...) writev(file, ...) writevSync(file, ...) import \'fs\'\n...\n import \'fs/promises\'\n...\n', PosixPath('scripts/backup-system.js'), 'config..semgrep.vendored-rules.javascript.lang.security.audit.detect-non-literal-fs-filename') match_id = 23816e756ec3582e5d24fdbee4a6951c8c5232edeb4e0cd8ed54ff1b3be53bf33742479451395bc4ec0ad1dff501ec5c041915dfd1f671069a44b434929ff75d_0
2025-07-06 01:47:32,434 - semgrep.rule_match - DEBUG - match_key = ('files function ... (..., files,...) {...} file fs = require(\'fs\')\n...\n fs = require(\'fs/promises\')\n...\n import fs from \'fs\'\n...\n import fs from \'fs/promises\'\n...\n import * as fs from \'fs\'\n...\n import * as fs from \'fs/promises\'\n...\n fs. ... .$METHOD("...", ...) fs. ... .access(file,...) fs. ... .accessSync(file, ...) fs. ... .appendFile(file,...) fs. ... .appendFileSync(file, ...) fs. ... .chmod(file,...) fs. ... .chmodSync(file, ...) fs. ... .chown(file,...) fs. ... .chownSync(file, ...) fs. ... .close(file,...) fs. ... .closeSync(file, ...) fs. ... .copyFile(file,...) fs. ... .copyFile($SMTH, file,...) fs. ... .copyFileSync(file, ...) fs. ... .copyFileSync($SMTH, file, ...) fs. ... .cp(file, ...) fs. ... .cp($SMTH, file, ...) fs. ... .cpSync(file, ...) fs. ... .cpSync($SMTH, file, ...) fs. ... .createReadStream(file,...) fs. ... .createWriteStream(file,...) fs. ... .exists(file, ...) fs. ... .existsSync(file, ...) fs. ... .fchmod(file, ...) fs. ... .fchmodSync(file, ...) fs. ... .fchown(file, ...) fs. ... .fchownSync(file, ...) fs. ... .fdatasync(file, ...) fs. ... .fdatasyncSync(file, ...) fs. ... .fstat(file, ...) fs. ... .fstatSync(file, ...) fs. ... .fsync(file, ...) fs. ... .fsyncSync(file, ...) fs. ... .ftruncate(file, ...) fs. ... .ftruncateSync(file, ...) fs. ... .futimes(file, ...) fs. ... .futimesSync(file, ...) fs. ... .lchmod(file, ...) fs. ... .lchmodSync(file, ...) fs. ... .lchown(file, ...) fs. ... .lchownSync(file, ...) fs. ... .link(file, ...) fs. ... .link($SMTH, file, ...) fs. ... .linkSync(file, ...) fs. ... .linkSync($SMTH, file, ...) fs. ... .lstat(file, ...) fs. ... .lstatSync(file, ...) fs. ... .lutimes(file, ...) fs. ... .lutimesSync(file, ...) fs. ... .mkdir(file, ...) fs. ... .mkdirSync(file, ...) fs. ... .mkdtemp(file, ...) fs. ... .mkdtempSync(file, ...) fs. ... .open(file, ...) fs. ... .openSync(file, ...) fs. ... .opendir(file, ...) fs. ... .opendirSync(file, ...) fs. ... .read(file, ...) fs. ... .read(file, ...) fs. ... .readFile(file, ...) fs. ... .readFileSync(file, ...) fs. ... .readSync(file, ...) fs. ... .readSync(file, ...) fs. ... .readdir(file, ...) fs. ... .readdirSync(file, ...) fs. ... .readlink(file, ...) fs. ... .readlinkSync(file, ...) fs. ... .readv(file, ...) fs. ... .readvSync(file, ...) fs. ... .realpath(file, ...) fs. ... .realpath.native(file, ...) fs. ... .realpathSync.native(file, ...) fs. ... .realpathync(file, ...) fs. ... .rename(file, ...) fs. ... .rename($SMTH, file, ...) fs. ... .renameSync(file, ...) fs. ... .renameSync($SMTH, file, ...) fs. ... .rm(file, ...) fs. ... .rmSync(file, ...) fs. ... .rmdir(file, ...) fs. ... .rmdirSync(file, ...) fs. ... .stat(file, ...) fs. ... .statSync(file, ...) fs. ... .symlink(file, ...) fs. ... .symlink($SMTH, file, ...) fs. ... .symlinkSync(file, ...) fs. ... .symlinkSync($SMTH, file, ...) fs. ... .truncate(file, ...) fs. ... .truncateSync(file, ...) fs. ... .unlink(file, ...) fs. ... .unlinkSync(file, ...) fs. ... .unwatchFile(file, ...) fs. ... .utimes(file, ...) fs. ... .utimesSync(file, ...) fs. ... .watch(file, ...) fs. ... .watchFile(file, ...) fs. ... .write(file, ...) fs. ... .writeFile(file, ...) fs. ... .writeFileSync(file, ...) fs. ... .writeSync(file, ...) fs. ... .writev(file, ...) fs. ... .writevSync(file, ...) file $METHOD("...", ...) access(file,...) accessSync(file, ...) appendFile(file,...) appendFileSync(file, ...) chmod(file,...) chmodSync(file, ...) chown(file,...) chownSync(file, ...) close(file,...) closeSync(file, ...) copyFile(file,...) copyFile($SMTH, file,...) copyFileSync(file, ...) copyFileSync($SMTH, file, ...) cp(file, ...) cp($SMTH, file, ...) cpSync(file, ...) cpSync($SMTH, file, ...) createReadStream(file,...) createWriteStream(file,...) exists(file, ...) existsSync(file, ...) fchmod(file, ...) fchmodSync(file, ...) fchown(file, ...) fchownSync(file, ...) fdatasync(file, ...) fdatasyncSync(file, ...) fstat(file, ...) fstatSync(file, ...) fsync(file, ...) fsyncSync(file, ...) ftruncate(file, ...) ftruncateSync(file, ...) futimes(file, ...) futimesSync(file, ...) lchmod(file, ...) lchmodSync(file, ...) lchown(file, ...) lchownSync(file, ...) link(file, ...) link($SMTH, file, ...) linkSync(file, ...) linkSync($SMTH, file, ...) lstat(file, ...) lstatSync(file, ...) lutimes(file, ...) lutimesSync(file, ...) mkdir(file, ...) mkdirSync(file, ...) mkdtemp(file, ...) mkdtempSync(file, ...) open(file, ...) openSync(file, ...) opendir(file, ...) opendirSync(file, ...) read(file, ...) read(file, ...) readFile(file, ...) readFileSync(file, ...) readSync(file, ...) readSync(file, ...) readdir(file, ...) readdirSync(file, ...) readlink(file, ...) readlinkSync(file, ...) readv(file, ...) readvSync(file, ...) realpath(file, ...) realpath.native(file, ...) realpathSync.native(file, ...) realpathync(file, ...) rename(file, ...) rename($SMTH, file, ...) renameSync(file, ...) renameSync($SMTH, file, ...) rm(file, ...) rmSync(file, ...) rmdir(file, ...) rmdirSync(file, ...) stat(file, ...) statSync(file, ...) symlink(file, ...) symlink($SMTH, file, ...) symlinkSync(file, ...) symlinkSync($SMTH, file, ...) truncate(file, ...) truncateSync(file, ...) unlink(file, ...) unlinkSync(file, ...) unwatchFile(file, ...) utimes(file, ...) utimesSync(file, ...) watch(file, ...) watchFile(file, ...) write(file, ...) writeFile(file, ...) writeFileSync(file, ...) writeSync(file, ...) writev(file, ...) writevSync(file, ...) import \'fs\'\n...\n import \'fs/promises\'\n...\n', PosixPath('scripts/backup-system.js'), 'config..semgrep.vendored-rules.javascript.lang.security.audit.detect-non-literal-fs-filename') match_id = 23816e756ec3582e5d24fdbee4a6951c8c5232edeb4e0cd8ed54ff1b3be53bf33742479451395bc4ec0ad1dff501ec5c041915dfd1f671069a44b434929ff75d_0
2025-07-06 01:47:32,434 - semgrep.rule_match - DEBUG - match_key = ('files function ... (..., files,...) {...} file fs = require(\'fs\')\n...\n fs = require(\'fs/promises\')\n...\n import fs from \'fs\'\n...\n import fs from \'fs/promises\'\n...\n import * as fs from \'fs\'\n...\n import * as fs from \'fs/promises\'\n...\n fs. ... .$METHOD("...", ...) fs. ... .access(file,...) fs. ... .accessSync(file, ...) fs. ... .appendFile(file,...) fs. ... .appendFileSync(file, ...) fs. ... .chmod(file,...) fs. ... .chmodSync(file, ...) fs. ... .chown(file,...) fs. ... .chownSync(file, ...) fs. ... .close(file,...) fs. ... .closeSync(file, ...) fs. ... .copyFile(file,...) fs. ... .copyFile($SMTH, file,...) fs. ... .copyFileSync(file, ...) fs. ... .copyFileSync($SMTH, file, ...) fs. ... .cp(file, ...) fs. ... .cp($SMTH, file, ...) fs. ... .cpSync(file, ...) fs. ... .cpSync($SMTH, file, ...) fs. ... .createReadStream(file,...) fs. ... .createWriteStream(file,...) fs. ... .exists(file, ...) fs. ... .existsSync(file, ...) fs. ... .fchmod(file, ...) fs. ... .fchmodSync(file, ...) fs. ... .fchown(file, ...) fs. ... .fchownSync(file, ...) fs. ... .fdatasync(file, ...) fs. ... .fdatasyncSync(file, ...) fs. ... .fstat(file, ...) fs. ... .fstatSync(file, ...) fs. ... .fsync(file, ...) fs. ... .fsyncSync(file, ...) fs. ... .ftruncate(file, ...) fs. ... .ftruncateSync(file, ...) fs. ... .futimes(file, ...) fs. ... .futimesSync(file, ...) fs. ... .lchmod(file, ...) fs. ... .lchmodSync(file, ...) fs. ... .lchown(file, ...) fs. ... .lchownSync(file, ...) fs. ... .link(file, ...) fs. ... .link($SMTH, file, ...) fs. ... .linkSync(file, ...) fs. ... .linkSync($SMTH, file, ...) fs. ... .lstat(file, ...) fs. ... .lstatSync(file, ...) fs. ... .lutimes(file, ...) fs. ... .lutimesSync(file, ...) fs. ... .mkdir(file, ...) fs. ... .mkdirSync(file, ...) fs. ... .mkdtemp(file, ...) fs. ... .mkdtempSync(file, ...) fs. ... .open(file, ...) fs. ... .openSync(file, ...) fs. ... .opendir(file, ...) fs. ... .opendirSync(file, ...) fs. ... .read(file, ...) fs. ... .read(file, ...) fs. ... .readFile(file, ...) fs. ... .readFileSync(file, ...) fs. ... .readSync(file, ...) fs. ... .readSync(file, ...) fs. ... .readdir(file, ...) fs. ... .readdirSync(file, ...) fs. ... .readlink(file, ...) fs. ... .readlinkSync(file, ...) fs. ... .readv(file, ...) fs. ... .readvSync(file, ...) fs. ... .realpath(file, ...) fs. ... .realpath.native(file, ...) fs. ... .realpathSync.native(file, ...) fs. ... .realpathync(file, ...) fs. ... .rename(file, ...) fs. ... .rename($SMTH, file, ...) fs. ... .renameSync(file, ...) fs. ... .renameSync($SMTH, file, ...) fs. ... .rm(file, ...) fs. ... .rmSync(file, ...) fs. ... .rmdir(file, ...) fs. ... .rmdirSync(file, ...) fs. ... .stat(file, ...) fs. ... .statSync(file, ...) fs. ... .symlink(file, ...) fs. ... .symlink($SMTH, file, ...) fs. ... .symlinkSync(file, ...) fs. ... .symlinkSync($SMTH, file, ...) fs. ... .truncate(file, ...) fs. ... .truncateSync(file, ...) fs. ... .unlink(file, ...) fs. ... .unlinkSync(file, ...) fs. ... .unwatchFile(file, ...) fs. ... .utimes(file, ...) fs. ... .utimesSync(file, ...) fs. ... .watch(file, ...) fs. ... .watchFile(file, ...) fs. ... .write(file, ...) fs. ... .writeFile(file, ...) fs. ... .writeFileSync(file, ...) fs. ... .writeSync(file, ...) fs. ... .writev(file, ...) fs. ... .writevSync(file, ...) file $METHOD("...", ...) access(file,...) accessSync(file, ...) appendFile(file,...) appendFileSync(file, ...) chmod(file,...) chmodSync(file, ...) chown(file,...) chownSync(file, ...) close(file,...) closeSync(file, ...) copyFile(file,...) copyFile($SMTH, file,...) copyFileSync(file, ...) copyFileSync($SMTH, file, ...) cp(file, ...) cp($SMTH, file, ...) cpSync(file, ...) cpSync($SMTH, file, ...) createReadStream(file,...) createWriteStream(file,...) exists(file, ...) existsSync(file, ...) fchmod(file, ...) fchmodSync(file, ...) fchown(file, ...) fchownSync(file, ...) fdatasync(file, ...) fdatasyncSync(file, ...) fstat(file, ...) fstatSync(file, ...) fsync(file, ...) fsyncSync(file, ...) ftruncate(file, ...) ftruncateSync(file, ...) futimes(file, ...) futimesSync(file, ...) lchmod(file, ...) lchmodSync(file, ...) lchown(file, ...) lchownSync(file, ...) link(file, ...) link($SMTH, file, ...) linkSync(file, ...) linkSync($SMTH, file, ...) lstat(file, ...) lstatSync(file, ...) lutimes(file, ...) lutimesSync(file, ...) mkdir(file, ...) mkdirSync(file, ...) mkdtemp(file, ...) mkdtempSync(file, ...) open(file, ...) openSync(file, ...) opendir(file, ...) opendirSync(file, ...) read(file, ...) read(file, ...) readFile(file, ...) readFileSync(file, ...) readSync(file, ...) readSync(file, ...) readdir(file, ...) readdirSync(file, ...) readlink(file, ...) readlinkSync(file, ...) readv(file, ...) readvSync(file, ...) realpath(file, ...) realpath.native(file, ...) realpathSync.native(file, ...) realpathync(file, ...) rename(file, ...) rename($SMTH, file, ...) renameSync(file, ...) renameSync($SMTH, file, ...) rm(file, ...) rmSync(file, ...) rmdir(file, ...) rmdirSync(file, ...) stat(file, ...) statSync(file, ...) symlink(file, ...) symlink($SMTH, file, ...) symlinkSync(file, ...) symlinkSync($SMTH, file, ...) truncate(file, ...) truncateSync(file, ...) unlink(file, ...) unlinkSync(file, ...) unwatchFile(file, ...) utimes(file, ...) utimesSync(file, ...) watch(file, ...) watchFile(file, ...) write(file, ...) writeFile(file, ...) writeFileSync(file, ...) writeSync(file, ...) writev(file, ...) writevSync(file, ...) import \'fs\'\n...\n import \'fs/promises\'\n...\n', PosixPath('scripts/backup-system.js'), 'config..semgrep.vendored-rules.javascript.lang.security.audit.detect-non-literal-fs-filename') match_id = 23816e756ec3582e5d24fdbee4a6951c8c5232edeb4e0cd8ed54ff1b3be53bf33742479451395bc4ec0ad1dff501ec5c041915dfd1f671069a44b434929ff75d_0
2025-07-06 01:47:32,435 - semgrep.rule_match - DEBUG - match_key = ('', PosixPath('server/routes.ts'), 'config..semgrep.vendored-rules.javascript.lang.security.audit.unsafe-formatstring') match_id = e24e3288a32c9ad4921da20b227a0587a0596856ea79e7c29c73137fde834094f382cf9604ac765ec32471f83cf1196712bec140c3a2b18c933a6c2a040a826f_0
2025-07-06 01:47:32,435 - semgrep.rule_match - DEBUG - match_key = ('"..." + "..."\n $X + $Y $X.concat($Y) `...${...}...`\n $X.concat("...")\n ``[SECURITY AUDIT] timestamp - event` $UTIL = require(\'util\')\n...\n $UTIL.format(``[SECURITY AUDIT] timestamp - event`,{ip ip userAgent userAgent details details headers{origin req.get(\'Origin\')referer req.get(\'Referer\')\'x-forwarded-for\'req.get(\'X-Forwarded-For\')}},...)\n console.log(``[SECURITY AUDIT] timestamp - event`,{ip ip userAgent userAgent details details headers{origin req.get(\'Origin\')referer req.get(\'Referer\')\'x-forwarded-for\'req.get(\'X-Forwarded-For\')}},...)\n', PosixPath('server/routes.ts'), 'config..semgrep.vendored-rules.javascript.lang.security.audit.unsafe-formatstring') match_id = 02b6c80413a09ef82734a7caee73bd074919692e47ab7346974eaf333d380b9337060cb1a422357704fda65cbcf72e6d4b2e996683332f897ef180fd160607cd_0
2025-07-06 01:47:32,436 - semgrep.rule_match - DEBUG - match_key = ('"..." + "..."\n $X + $Y $X.concat($Y) `...${...}...`\n $X.concat("...")\n ``[SECURITY AUDIT] timestamp - event` $UTIL = require(\'util\')\n...\n $UTIL.format(``[SECURITY AUDIT] timestamp - event`,{ip ip userAgent userAgent details details headers{origin req.get(\'Origin\')referer req.get(\'Referer\')\'x-forwarded-for\'req.get(\'X-Forwarded-For\')}},...)\n console.log(``[SECURITY AUDIT] timestamp - event`,{ip ip userAgent userAgent details details headers{origin req.get(\'Origin\')referer req.get(\'Referer\')\'x-forwarded-for\'req.get(\'X-Forwarded-For\')}},...)\n', PosixPath('server/routes.ts'), 'config..semgrep.vendored-rules.javascript.lang.security.audit.unsafe-formatstring') match_id = 02b6c80413a09ef82734a7caee73bd074919692e47ab7346974eaf333d380b9337060cb1a422357704fda65cbcf72e6d4b2e996683332f897ef180fd160607cd_0
2025-07-06 01:47:32,436 - semgrep.rule_match - DEBUG - match_key = ('"..." + "..."\n $X + $Y $X.concat($Y) `...${...}...`\n $X.concat("...")\n ``[SECURITY AUDIT] timestamp - event` $UTIL = require(\'util\')\n...\n $UTIL.format(``[SECURITY AUDIT] timestamp - event`,{ip ip userAgent userAgent details details headers{origin req.get(\'Origin\')referer req.get(\'Referer\')\'x-forwarded-for\'req.get(\'X-Forwarded-For\')}},...)\n console.log(``[SECURITY AUDIT] timestamp - event`,{ip ip userAgent userAgent details details headers{origin req.get(\'Origin\')referer req.get(\'Referer\')\'x-forwarded-for\'req.get(\'X-Forwarded-For\')}},...)\n', PosixPath('server/routes.ts'), 'config..semgrep.vendored-rules.javascript.lang.security.audit.unsafe-formatstring') match_id = 02b6c80413a09ef82734a7caee73bd074919692e47ab7346974eaf333d380b9337060cb1a422357704fda65cbcf72e6d4b2e996683332f897ef180fd160607cd_0
2025-07-06 01:47:32,437 - semgrep.rule_match - DEBUG - match_key = ('', PosixPath('server/routes.ts'), 'config..semgrep.vendored-rules.javascript.lang.security.audit.path-traversal.path-join-resolve-traversal') match_id = 8d554a4a4b58e525ebd15c19f508e5bdb0857c3c1b56af0f13e8ad11729eed94ba7539cdcfaa3c315443e0e29d7edfb453b23307d2a8b5a302156b281fd66eec_0
2025-07-06 01:47:32,438 - semgrep.rule_match - DEBUG - match_key = ("path = require('path');\n...\n import path from 'path';\n...\n path.join(...,fileName,...) path.resolve(...,fileName,...) fileName fileName import 'path';\n...\n path.join(...,fileName,...) path.resolve(...,fileName,...) req function ... (...,req,...) {...}\n function ... (...,{...,req,...},...) {...}\n", PosixPath('server/routes.ts'), 'config..semgrep.vendored-rules.javascript.lang.security.audit.path-traversal.path-join-resolve-traversal') match_id = 818acca293a0974b8f640eff1a5ef5a5b5c0a7983159faab7c70c3cb55db7e6424a71f247072be079eff09ac8fe4ed2274e004f5a812cf7ca23ebe9c7efbfbaf_0
2025-07-06 01:47:32,439 - semgrep.rule_match - DEBUG - match_key = ("path = require('path');\n...\n import path from 'path';\n...\n path.join(...,fileName,...) path.resolve(...,fileName,...) fileName fileName import 'path';\n...\n path.join(...,fileName,...) path.resolve(...,fileName,...) req function ... (...,req,...) {...}\n function ... (...,{...,req,...},...) {...}\n", PosixPath('server/routes.ts'), 'config..semgrep.vendored-rules.javascript.lang.security.audit.path-traversal.path-join-resolve-traversal') match_id = 818acca293a0974b8f640eff1a5ef5a5b5c0a7983159faab7c70c3cb55db7e6424a71f247072be079eff09ac8fe4ed2274e004f5a812cf7ca23ebe9c7efbfbaf_0
2025-07-06 01:47:32,440 - semgrep.rule_match - DEBUG - match_key = ("path = require('path');\n...\n import path from 'path';\n...\n path.join(...,fileName,...) path.resolve(...,fileName,...) fileName fileName import 'path';\n...\n path.join(...,fileName,...) path.resolve(...,fileName,...) req function ... (...,req,...) {...}\n function ... (...,{...,req,...},...) {...}\n", PosixPath('server/routes.ts'), 'config..semgrep.vendored-rules.javascript.lang.security.audit.path-traversal.path-join-resolve-traversal') match_id = 818acca293a0974b8f640eff1a5ef5a5b5c0a7983159faab7c70c3cb55db7e6424a71f247072be079eff09ac8fe4ed2274e004f5a812cf7ca23ebe9c7efbfbaf_0
2025-07-06 01:47:32,441 - semgrep.rule_match - DEBUG - match_key = ('', PosixPath('server/routes.ts'), 'config..semgrep.vendored-rules.javascript.lang.security.audit.unsafe-formatstring') match_id = e24e3288a32c9ad4921da20b227a0587a0596856ea79e7c29c73137fde834094f382cf9604ac765ec32471f83cf1196712bec140c3a2b18c933a6c2a040a826f_0
2025-07-06 01:47:32,442 - semgrep.rule_match - DEBUG - match_key = ('"..." + "..."\n $X + $Y $X.concat($Y) `...${...}...`\n $X.concat("...")\n ``Error awarding type reward to user userId:` $UTIL = require(\'util\')\n...\n $UTIL.format(``Error awarding type reward to user userId:`,error,...)\n console.error(``Error awarding type reward to user userId:`,error,...)\n', PosixPath('server/routes.ts'), 'config..semgrep.vendored-rules.javascript.lang.security.audit.unsafe-formatstring') match_id = e58a34cf672dd7331eec5dbcead3c767f1a5e8f4ca934bff0981099e6ba4d6edf5a5a197dffc8badabcc406ac13d248ddc0ee186e44a599329c85e55f9b510b7_0
2025-07-06 01:47:32,445 - semgrep.rule_match - DEBUG - match_key = ('"..." + "..."\n $X + $Y $X.concat($Y) `...${...}...`\n $X.concat("...")\n ``Error awarding type reward to user userId:` $UTIL = require(\'util\')\n...\n $UTIL.format(``Error awarding type reward to user userId:`,error,...)\n console.error(``Error awarding type reward to user userId:`,error,...)\n', PosixPath('server/routes.ts'), 'config..semgrep.vendored-rules.javascript.lang.security.audit.unsafe-formatstring') match_id = e58a34cf672dd7331eec5dbcead3c767f1a5e8f4ca934bff0981099e6ba4d6edf5a5a197dffc8badabcc406ac13d248ddc0ee186e44a599329c85e55f9b510b7_0
2025-07-06 01:47:32,447 - semgrep.rule_match - DEBUG - match_key = ('"..." + "..."\n $X + $Y $X.concat($Y) `...${...}...`\n $X.concat("...")\n ``Error awarding type reward to user userId:` $UTIL = require(\'util\')\n...\n $UTIL.format(``Error awarding type reward to user userId:`,error,...)\n console.error(``Error awarding type reward to user userId:`,error,...)\n', PosixPath('server/routes.ts'), 'config..semgrep.vendored-rules.javascript.lang.security.audit.unsafe-formatstring') match_id = e58a34cf672dd7331eec5dbcead3c767f1a5e8f4ca934bff0981099e6ba4d6edf5a5a197dffc8badabcc406ac13d248ddc0ee186e44a599329c85e55f9b510b7_0
2025-07-06 01:47:32,449 - semgrep.rule_match - DEBUG - match_key = ('', PosixPath('server/services/cryptoService.ts'), 'config..semgrep.vendored-rules.javascript.lang.security.audit.unsafe-formatstring') match_id = 0d4c0b818ef302127eaa5ad7e1f386203581aa9818fb2a8e9c9686ed8f1f10d15a37c00431ee44f7d74cd8e3391a066b52db3d8f20d48ffc3c7ea2063494cc98_0
2025-07-06 01:47:32,449 - semgrep.rule_match - DEBUG - match_key = ('"..." + "..."\n $X + $Y $X.concat($Y) `...${...}...`\n $X.concat("...")\n ``Error fetching price for coinId:` $UTIL = require(\'util\')\n...\n $UTIL.format(``Error fetching price for coinId:`,error,...)\n console.error(``Error fetching price for coinId:`,error,...)\n', PosixPath('server/services/cryptoService.ts'), 'config..semgrep.vendored-rules.javascript.lang.security.audit.unsafe-formatstring') match_id = 70631c1e408c83a51e5faa6b47a5b82ebe37bcf94992c8aca6059377b734ad8df988d82f38715a3f69ed5498192e218db2864838b91d455a3fb189e8c474c0e2_0
2025-07-06 01:47:32,450 - semgrep.rule_match - DEBUG - match_key = ('"..." + "..."\n $X + $Y $X.concat($Y) `...${...}...`\n $X.concat("...")\n ``Error fetching price for coinId:` $UTIL = require(\'util\')\n...\n $UTIL.format(``Error fetching price for coinId:`,error,...)\n console.error(``Error fetching price for coinId:`,error,...)\n', PosixPath('server/services/cryptoService.ts'), 'config..semgrep.vendored-rules.javascript.lang.security.audit.unsafe-formatstring') match_id = 70631c1e408c83a51e5faa6b47a5b82ebe37bcf94992c8aca6059377b734ad8df988d82f38715a3f69ed5498192e218db2864838b91d455a3fb189e8c474c0e2_0
2025-07-06 01:47:32,451 - semgrep.rule_match - DEBUG - match_key = ('"..." + "..."\n $X + $Y $X.concat($Y) `...${...}...`\n $X.concat("...")\n ``Error fetching price for coinId:` $UTIL = require(\'util\')\n...\n $UTIL.format(``Error fetching price for coinId:`,error,...)\n console.error(``Error fetching price for coinId:`,error,...)\n', PosixPath('server/services/cryptoService.ts'), 'config..semgrep.vendored-rules.javascript.lang.security.audit.unsafe-formatstring') match_id = 70631c1e408c83a51e5faa6b47a5b82ebe37bcf94992c8aca6059377b734ad8df988d82f38715a3f69ed5498192e218db2864838b91d455a3fb189e8c474c0e2_0
2025-07-06 01:47:32,451 - semgrep.rule_match - DEBUG - match_key = ('', PosixPath('server/services/predictionService.ts'), 'config..semgrep.vendored-rules.javascript.lang.security.audit.unsafe-formatstring') match_id = c3c2c998c6640f4bffcb9206a259eec724a8587c32b52f474f46c185a76ace2da8befb743ac32eb94092be7aed28e12fb59d79ccaf3f5fc518c5a653c24dd0e8_0
2025-07-06 01:47:32,452 - semgrep.rule_match - DEBUG - match_key = ('"..." + "..."\n $X + $Y $X.concat($Y) `...${...}...`\n $X.concat("...")\n ``Error processing prediction predictionId:` $UTIL = require(\'util\')\n...\n $UTIL.format(``Error processing prediction predictionId:`,error,...)\n console.error(``Error processing prediction predictionId:`,error,...)\n', PosixPath('server/services/predictionService.ts'), 'config..semgrep.vendored-rules.javascript.lang.security.audit.unsafe-formatstring') match_id = 660e8d10108544379d2c1feca2b7cb959aa48446621748ee093de6a04e84e8e19f0f9e9e068f620102980c6592ecb3f3de327182403f510a79166b8b52dd59d3_0
2025-07-06 01:47:32,453 - semgrep.rule_match - DEBUG - match_key = ('"..." + "..."\n $X + $Y $X.concat($Y) `...${...}...`\n $X.concat("...")\n ``Error processing prediction predictionId:` $UTIL = require(\'util\')\n...\n $UTIL.format(``Error processing prediction predictionId:`,error,...)\n console.error(``Error processing prediction predictionId:`,error,...)\n', PosixPath('server/services/predictionService.ts'), 'config..semgrep.vendored-rules.javascript.lang.security.audit.unsafe-formatstring') match_id = 660e8d10108544379d2c1feca2b7cb959aa48446621748ee093de6a04e84e8e19f0f9e9e068f620102980c6592ecb3f3de327182403f510a79166b8b52dd59d3_0
2025-07-06 01:47:32,453 - semgrep.rule_match - DEBUG - match_key = ('"..." + "..."\n $X + $Y $X.concat($Y) `...${...}...`\n $X.concat("...")\n ``Error processing prediction predictionId:` $UTIL = require(\'util\')\n...\n $UTIL.format(``Error processing prediction predictionId:`,error,...)\n console.error(``Error processing prediction predictionId:`,error,...)\n', PosixPath('server/services/predictionService.ts'), 'config..semgrep.vendored-rules.javascript.lang.security.audit.unsafe-formatstring') match_id = 660e8d10108544379d2c1feca2b7cb959aa48446621748ee093de6a04e84e8e19f0f9e9e068f620102980c6592ecb3f3de327182403f510a79166b8b52dd59d3_0
2025-07-06 01:47:32,454 - semgrep.rule_match - DEBUG - match_key = ('', PosixPath('server/services/survivalRoundService.ts'), 'config..semgrep.vendored-rules.javascript.lang.security.audit.unsafe-formatstring') match_id = ceec57af7bd82858d78dca31e02cd73476363912f45856e7b1010dfc139a34db6dfd8aa0a1a357b1be95a7e5810fba5ab1ff74e5ef3ec21a9f95db1322da2082_0
2025-07-06 01:47:32,454 - semgrep.rule_match - DEBUG - match_key = ('"..." + "..."\n $X + $Y $X.concat($Y) `...${...}...`\n $X.concat("...")\n ``Error checking expired rounds for tournament tournamentId:` $UTIL = require(\'util\')\n...\n $UTIL.format(``Error checking expired rounds for tournament tournamentId:`,error,...)\n console.error(``Error checking expired rounds for tournament tournamentId:`,error,...)\n', PosixPath('server/services/survivalRoundService.ts'), 'config..semgrep.vendored-rules.javascript.lang.security.audit.unsafe-formatstring') match_id = da997d9faaa2557b806a4bc3652f26cad26b0caec096e3909d4c2995d843cf0e29ba016936c2b59445d87862fe4e8cdf3658def98da64a157154ec0c7c4d69ec_0
2025-07-06 01:47:32,455 - semgrep.rule_match - DEBUG - match_key = ('"..." + "..."\n $X + $Y $X.concat($Y) `...${...}...`\n $X.concat("...")\n ``Error checking expired rounds for tournament tournamentId:` $UTIL = require(\'util\')\n...\n $UTIL.format(``Error checking expired rounds for tournament tournamentId:`,error,...)\n console.error(``Error checking expired rounds for tournament tournamentId:`,error,...)\n', PosixPath('server/services/survivalRoundService.ts'), 'config..semgrep.vendored-rules.javascript.lang.security.audit.unsafe-formatstring') match_id = da997d9faaa2557b806a4bc3652f26cad26b0caec096e3909d4c2995d843cf0e29ba016936c2b59445d87862fe4e8cdf3658def98da64a157154ec0c7c4d69ec_0
2025-07-06 01:47:32,455 - semgrep.rule_match - DEBUG - match_key = ('"..." + "..."\n $X + $Y $X.concat($Y) `...${...}...`\n $X.concat("...")\n ``Error checking expired rounds for tournament tournamentId:` $UTIL = require(\'util\')\n...\n $UTIL.format(``Error checking expired rounds for tournament tournamentId:`,error,...)\n console.error(``Error checking expired rounds for tournament tournamentId:`,error,...)\n', PosixPath('server/services/survivalRoundService.ts'), 'config..semgrep.vendored-rules.javascript.lang.security.audit.unsafe-formatstring') match_id = da997d9faaa2557b806a4bc3652f26cad26b0caec096e3909d4c2995d843cf0e29ba016936c2b59445d87862fe4e8cdf3658def98da64a157154ec0c7c4d69ec_0
2025-07-06 01:47:32,456 - semgrep.rule_match - DEBUG - match_key = ('', PosixPath('server/services/survivalRoundService.ts'), 'config..semgrep.vendored-rules.javascript.lang.security.audit.unsafe-formatstring') match_id = ceec57af7bd82858d78dca31e02cd73476363912f45856e7b1010dfc139a34db6dfd8aa0a1a357b1be95a7e5810fba5ab1ff74e5ef3ec21a9f95db1322da2082_0
2025-07-06 01:47:32,457 - semgrep.rule_match - DEBUG - match_key = ('"..." + "..."\n $X + $Y $X.concat($Y) `...${...}...`\n $X.concat("...")\n ``Error checking tournament tournamentId:` $UTIL = require(\'util\')\n...\n $UTIL.format(``Error checking tournament tournamentId:`,error,...)\n console.error(``Error checking tournament tournamentId:`,error,...)\n', PosixPath('server/services/survivalRoundService.ts'), 'config..semgrep.vendored-rules.javascript.lang.security.audit.unsafe-formatstring') match_id = 05ca3ab2d0d8270330bb773aea74a8ecb77e50b6a2db03eed35969e5c4964adc1a9537ca3bb4fe4ac2bc2ac4b0c8e21bc07dfc7d54ad4c9a0819d37c1358b0cc_0
2025-07-06 01:47:32,458 - semgrep.rule_match - DEBUG - match_key = ('"..." + "..."\n $X + $Y $X.concat($Y) `...${...}...`\n $X.concat("...")\n ``Error checking tournament tournamentId:` $UTIL = require(\'util\')\n...\n $UTIL.format(``Error checking tournament tournamentId:`,error,...)\n console.error(``Error checking tournament tournamentId:`,error,...)\n', PosixPath('server/services/survivalRoundService.ts'), 'config..semgrep.vendored-rules.javascript.lang.security.audit.unsafe-formatstring') match_id = 05ca3ab2d0d8270330bb773aea74a8ecb77e50b6a2db03eed35969e5c4964adc1a9537ca3bb4fe4ac2bc2ac4b0c8e21bc07dfc7d54ad4c9a0819d37c1358b0cc_0
2025-07-06 01:47:32,459 - semgrep.rule_match - DEBUG - match_key = ('"..." + "..."\n $X + $Y $X.concat($Y) `...${...}...`\n $X.concat("...")\n ``Error checking tournament tournamentId:` $UTIL = require(\'util\')\n...\n $UTIL.format(``Error checking tournament tournamentId:`,error,...)\n console.error(``Error checking tournament tournamentId:`,error,...)\n', PosixPath('server/services/survivalRoundService.ts'), 'config..semgrep.vendored-rules.javascript.lang.security.audit.unsafe-formatstring') match_id = 05ca3ab2d0d8270330bb773aea74a8ecb77e50b6a2db03eed35969e5c4964adc1a9537ca3bb4fe4ac2bc2ac4b0c8e21bc07dfc7d54ad4c9a0819d37c1358b0cc_0
2025-07-06 01:47:32,459 - semgrep.rule_match - DEBUG - match_key = ('', PosixPath('server/services/survivalRoundService.ts'), 'config..semgrep.vendored-rules.javascript.lang.security.audit.unsafe-formatstring') match_id = ceec57af7bd82858d78dca31e02cd73476363912f45856e7b1010dfc139a34db6dfd8aa0a1a357b1be95a7e5810fba5ab1ff74e5ef3ec21a9f95db1322da2082_0
2025-07-06 01:47:32,460 - semgrep.rule_match - DEBUG - match_key = ('"..." + "..."\n $X + $Y $X.concat($Y) `...${...}...`\n $X.concat("...")\n ``Failed to start tournament rounds for tournamentId:` $UTIL = require(\'util\')\n...\n $UTIL.format(``Failed to start tournament rounds for tournamentId:`,error,...)\n console.error(``Failed to start tournament rounds for tournamentId:`,error,...)\n', PosixPath('server/services/survivalRoundService.ts'), 'config..semgrep.vendored-rules.javascript.lang.security.audit.unsafe-formatstring') match_id = 2040ba36b6c8a954d94fd00526745e169377672251fe1afb54e0b5f8825a0e2afb2e24e19faec54acdddc55c3dbf8cb213455081953d61d85ebb41302d857800_0
2025-07-06 01:47:32,461 - semgrep.rule_match - DEBUG - match_key = ('"..." + "..."\n $X + $Y $X.concat($Y) `...${...}...`\n $X.concat("...")\n ``Failed to start tournament rounds for tournamentId:` $UTIL = require(\'util\')\n...\n $UTIL.format(``Failed to start tournament rounds for tournamentId:`,error,...)\n console.error(``Failed to start tournament rounds for tournamentId:`,error,...)\n', PosixPath('server/services/survivalRoundService.ts'), 'config..semgrep.vendored-rules.javascript.lang.security.audit.unsafe-formatstring') match_id = 2040ba36b6c8a954d94fd00526745e169377672251fe1afb54e0b5f8825a0e2afb2e24e19faec54acdddc55c3dbf8cb213455081953d61d85ebb41302d857800_0
2025-07-06 01:47:32,462 - semgrep.rule_match - DEBUG - match_key = ('"..." + "..."\n $X + $Y $X.concat($Y) `...${...}...`\n $X.concat("...")\n ``Failed to start tournament rounds for tournamentId:` $UTIL = require(\'util\')\n...\n $UTIL.format(``Failed to start tournament rounds for tournamentId:`,error,...)\n console.error(``Failed to start tournament rounds for tournamentId:`,error,...)\n', PosixPath('server/services/survivalRoundService.ts'), 'config..semgrep.vendored-rules.javascript.lang.security.audit.unsafe-formatstring') match_id = 2040ba36b6c8a954d94fd00526745e169377672251fe1afb54e0b5f8825a0e2afb2e24e19faec54acdddc55c3dbf8cb213455081953d61d85ebb41302d857800_0
2025-07-06 01:47:32,462 - semgrep.rule_match - DEBUG - match_key = ('', PosixPath('server/simpleAuth.ts'), 'config..semgrep.vendored-rules.javascript.node-crypto.security.create-de-cipher-no-iv') match_id = 781a531fdff7aff289b9db3cdf147eb53e56857807c5565463095a3c2e7584bd23c998a89525090050baaaad84b0c987fd0734798d849493153a38c4035bc71c_0
2025-07-06 01:47:32,463 - semgrep.rule_match - DEBUG - match_key = ('crypto.createCipher(...)\n crypto.createDecipher(...)\n', PosixPath('server/simpleAuth.ts'), 'config..semgrep.vendored-rules.javascript.node-crypto.security.create-de-cipher-no-iv') match_id = 53f207dd3e958e3dcc7a38ab30dc303ba7cb2bb0897f30ff48a0be9b55dc14bd83b937a996f9540496e05dc85bb785378ac4ed00aba0d600dcdaee047804478d_0
2025-07-06 01:47:32,463 - semgrep.rule_match - DEBUG - match_key = ('crypto.createCipher(...)\n crypto.createDecipher(...)\n', PosixPath('server/simpleAuth.ts'), 'config..semgrep.vendored-rules.javascript.node-crypto.security.create-de-cipher-no-iv') match_id = 53f207dd3e958e3dcc7a38ab30dc303ba7cb2bb0897f30ff48a0be9b55dc14bd83b937a996f9540496e05dc85bb785378ac4ed00aba0d600dcdaee047804478d_0
2025-07-06 01:47:32,464 - semgrep.rule_match - DEBUG - match_key = ('crypto.createCipher(...)\n crypto.createDecipher(...)\n', PosixPath('server/simpleAuth.ts'), 'config..semgrep.vendored-rules.javascript.node-crypto.security.create-de-cipher-no-iv') match_id = 53f207dd3e958e3dcc7a38ab30dc303ba7cb2bb0897f30ff48a0be9b55dc14bd83b937a996f9540496e05dc85bb785378ac4ed00aba0d600dcdaee047804478d_0
2025-07-06 01:47:32,464 - semgrep.rule_match - DEBUG - match_key = ('', PosixPath('server/storage.ts'), 'config..semgrep.vendored-rules.javascript.lang.security.audit.unsafe-formatstring') match_id = 35769e1779f9335583c9ca24d934fa0c230e02acf2de975e8cbcb2f396ae816fd7b003203dc97d48dfee5c4cba20904749f2b31fa0f6544b5c881a424d309885_0
2025-07-06 01:47:32,465 - semgrep.rule_match - DEBUG - match_key = ('"..." + "..."\n $X + $Y $X.concat($Y) `...${...}...`\n $X.concat("...")\n ``Error deleting user id:` $UTIL = require(\'util\')\n...\n $UTIL.format(``Error deleting user id:`,error,...)\n console.error(``Error deleting user id:`,error,...)\n', PosixPath('server/storage.ts'), 'config..semgrep.vendored-rules.javascript.lang.security.audit.unsafe-formatstring') match_id = f3dc045ff7188e608af0a2e34757e55a443ddb59072f8428522ef5e9c1927d78ad278b8c9a2a769fc84289ca00d237e029c364063ed32ac03a6e290ad8cea23c_0
2025-07-06 01:47:32,465 - semgrep.rule_match - DEBUG - match_key = ('"..." + "..."\n $X + $Y $X.concat($Y) `...${...}...`\n $X.concat("...")\n ``Error deleting user id:` $UTIL = require(\'util\')\n...\n $UTIL.format(``Error deleting user id:`,error,...)\n console.error(``Error deleting user id:`,error,...)\n', PosixPath('server/storage.ts'), 'config..semgrep.vendored-rules.javascript.lang.security.audit.unsafe-formatstring') match_id = f3dc045ff7188e608af0a2e34757e55a443ddb59072f8428522ef5e9c1927d78ad278b8c9a2a769fc84289ca00d237e029c364063ed32ac03a6e290ad8cea23c_0
2025-07-06 01:47:32,466 - semgrep.rule_match - DEBUG - match_key = ('"..." + "..."\n $X + $Y $X.concat($Y) `...${...}...`\n $X.concat("...")\n ``Error deleting user id:` $UTIL = require(\'util\')\n...\n $UTIL.format(``Error deleting user id:`,error,...)\n console.error(``Error deleting user id:`,error,...)\n', PosixPath('server/storage.ts'), 'config..semgrep.vendored-rules.javascript.lang.security.audit.unsafe-formatstring') match_id = f3dc045ff7188e608af0a2e34757e55a443ddb59072f8428522ef5e9c1927d78ad278b8c9a2a769fc84289ca00d237e029c364063ed32ac03a6e290ad8cea23c_0
2025-07-06 01:47:32,467 - semgrep.rule_match - DEBUG - match_key = ('', PosixPath('server/storage.ts'), 'config..semgrep.vendored-rules.javascript.lang.security.audit.unsafe-formatstring') match_id = 35769e1779f9335583c9ca24d934fa0c230e02acf2de975e8cbcb2f396ae816fd7b003203dc97d48dfee5c4cba20904749f2b31fa0f6544b5c881a424d309885_0
2025-07-06 01:47:32,467 - semgrep.rule_match - DEBUG - match_key = ('"..." + "..."\n $X + $Y $X.concat($Y) `...${...}...`\n $X.concat("...")\n ``Error fetching price for cryptoId:` $UTIL = require(\'util\')\n...\n $UTIL.format(``Error fetching price for cryptoId:`,error,...)\n console.error(``Error fetching price for cryptoId:`,error,...)\n', PosixPath('server/storage.ts'), 'config..semgrep.vendored-rules.javascript.lang.security.audit.unsafe-formatstring') match_id = bf62df69573ead630660b31c13b2fc38b182d413c9c6f93a3607493582ed41999ac7512af0af9f4e75d9f63bd878a4a0966079b60d97eda45cbf90bf57a328ef_0
2025-07-06 01:47:32,468 - semgrep.rule_match - DEBUG - match_key = ('"..." + "..."\n $X + $Y $X.concat($Y) `...${...}...`\n $X.concat("...")\n ``Error fetching price for cryptoId:` $UTIL = require(\'util\')\n...\n $UTIL.format(``Error fetching price for cryptoId:`,error,...)\n console.error(``Error fetching price for cryptoId:`,error,...)\n', PosixPath('server/storage.ts'), 'config..semgrep.vendored-rules.javascript.lang.security.audit.unsafe-formatstring') match_id = bf62df69573ead630660b31c13b2fc38b182d413c9c6f93a3607493582ed41999ac7512af0af9f4e75d9f63bd878a4a0966079b60d97eda45cbf90bf57a328ef_0
2025-07-06 01:47:32,469 - semgrep.rule_match - DEBUG - match_key = ('"..." + "..."\n $X + $Y $X.concat($Y) `...${...}...`\n $X.concat("...")\n ``Error fetching price for cryptoId:` $UTIL = require(\'util\')\n...\n $UTIL.format(``Error fetching price for cryptoId:`,error,...)\n console.error(``Error fetching price for cryptoId:`,error,...)\n', PosixPath('server/storage.ts'), 'config..semgrep.vendored-rules.javascript.lang.security.audit.unsafe-formatstring') match_id = bf62df69573ead630660b31c13b2fc38b182d413c9c6f93a3607493582ed41999ac7512af0af9f4e75d9f63bd878a4a0966079b60d97eda45cbf90bf57a328ef_0
2025-07-06 01:47:32,469 - semgrep.rule_match - DEBUG - match_key = ('', PosixPath('server/storage.ts'), 'config..semgrep.vendored-rules.javascript.lang.security.audit.unsafe-formatstring') match_id = 35769e1779f9335583c9ca24d934fa0c230e02acf2de975e8cbcb2f396ae816fd7b003203dc97d48dfee5c4cba20904749f2b31fa0f6544b5c881a424d309885_0
2025-07-06 01:47:32,470 - semgrep.rule_match - DEBUG - match_key = ('"..." + "..."\n $X + $Y $X.concat($Y) `...${...}...`\n $X.concat("...")\n ``Database fallback failed for cryptoId:` $UTIL = require(\'util\')\n...\n $UTIL.format(``Database fallback failed for cryptoId:`,dbError,...)\n console.error(``Database fallback failed for cryptoId:`,dbError,...)\n', PosixPath('server/storage.ts'), 'config..semgrep.vendored-rules.javascript.lang.security.audit.unsafe-formatstring') match_id = 9a9f86ecf539f105677f52bf7c46fb85d3ed349d878b4d5d2cb182947ae8f8b5786f94c0fc08f2cbe31aa709892748e368cbce1f7d7a3857ed0922dc76c507c7_0
2025-07-06 01:47:32,471 - semgrep.rule_match - DEBUG - match_key = ('"..." + "..."\n $X + $Y $X.concat($Y) `...${...}...`\n $X.concat("...")\n ``Database fallback failed for cryptoId:` $UTIL = require(\'util\')\n...\n $UTIL.format(``Database fallback failed for cryptoId:`,dbError,...)\n console.error(``Database fallback failed for cryptoId:`,dbError,...)\n', PosixPath('server/storage.ts'), 'config..semgrep.vendored-rules.javascript.lang.security.audit.unsafe-formatstring') match_id = 9a9f86ecf539f105677f52bf7c46fb85d3ed349d878b4d5d2cb182947ae8f8b5786f94c0fc08f2cbe31aa709892748e368cbce1f7d7a3857ed0922dc76c507c7_0
2025-07-06 01:47:32,471 - semgrep.rule_match - DEBUG - match_key = ('"..." + "..."\n $X + $Y $X.concat($Y) `...${...}...`\n $X.concat("...")\n ``Database fallback failed for cryptoId:` $UTIL = require(\'util\')\n...\n $UTIL.format(``Database fallback failed for cryptoId:`,dbError,...)\n console.error(``Database fallback failed for cryptoId:`,dbError,...)\n', PosixPath('server/storage.ts'), 'config..semgrep.vendored-rules.javascript.lang.security.audit.unsafe-formatstring') match_id = 9a9f86ecf539f105677f52bf7c46fb85d3ed349d878b4d5d2cb182947ae8f8b5786f94c0fc08f2cbe31aa709892748e368cbce1f7d7a3857ed0922dc76c507c7_0
2025-07-06 01:47:32,472 - semgrep.rule_match - DEBUG - match_key = ('', PosixPath('server/storage.ts'), 'config..semgrep.vendored-rules.javascript.lang.security.audit.unsafe-formatstring') match_id = 35769e1779f9335583c9ca24d934fa0c230e02acf2de975e8cbcb2f396ae816fd7b003203dc97d48dfee5c4cba20904749f2b31fa0f6544b5c881a424d309885_0
2025-07-06 01:47:32,473 - semgrep.rule_match - DEBUG - match_key = ('"..." + "..."\n $X + $Y $X.concat($Y) `...${...}...`\n $X.concat("...")\n ``Error resolving battle battleId:` $UTIL = require(\'util\')\n...\n $UTIL.format(``Error resolving battle battleId:`,error,...)\n console.error(``Error resolving battle battleId:`,error,...)\n', PosixPath('server/storage.ts'), 'config..semgrep.vendored-rules.javascript.lang.security.audit.unsafe-formatstring') match_id = 4b21c5ef25aa4e83b80469d243c19822c449c427469415258dfe20fffa811916aa6e428d1524760b591b49893acfb90f21df9aca1f47fbc9e291e8503c32822d_0
2025-07-06 01:47:32,473 - semgrep.rule_match - DEBUG - match_key = ('"..." + "..."\n $X + $Y $X.concat($Y) `...${...}...`\n $X.concat("...")\n ``Error resolving battle battleId:` $UTIL = require(\'util\')\n...\n $UTIL.format(``Error resolving battle battleId:`,error,...)\n console.error(``Error resolving battle battleId:`,error,...)\n', PosixPath('server/storage.ts'), 'config..semgrep.vendored-rules.javascript.lang.security.audit.unsafe-formatstring') match_id = 4b21c5ef25aa4e83b80469d243c19822c449c427469415258dfe20fffa811916aa6e428d1524760b591b49893acfb90f21df9aca1f47fbc9e291e8503c32822d_0
2025-07-06 01:47:32,474 - semgrep.rule_match - DEBUG - match_key = ('"..." + "..."\n $X + $Y $X.concat($Y) `...${...}...`\n $X.concat("...")\n ``Error resolving battle battleId:` $UTIL = require(\'util\')\n...\n $UTIL.format(``Error resolving battle battleId:`,error,...)\n console.error(``Error resolving battle battleId:`,error,...)\n', PosixPath('server/storage.ts'), 'config..semgrep.vendored-rules.javascript.lang.security.audit.unsafe-formatstring') match_id = 4b21c5ef25aa4e83b80469d243c19822c449c427469415258dfe20fffa811916aa6e428d1524760b591b49893acfb90f21df9aca1f47fbc9e291e8503c32822d_0
2025-07-06 01:47:32,475 - semgrep.rule_match - DEBUG - match_key = ('', PosixPath('server/storage.ts'), 'config..semgrep.vendored-rules.generic.secrets.gitleaks.hashicorp-tf-password') match_id = f7b76fede76efcfe177bce74b63b088bd7c92e162feb148bc7b7aa4dfb2cc12a36143ddde701df8f37f6a818c4ab82bf02e6d31218f0d88d383091025a35f871_0
2025-07-06 01:47:32,476 - semgrep.rule_match - DEBUG - match_key = ('(?i)(?:administrator_login_password|password)(?:[0-9a-z\\-_\\t .]{0,20})(?:[\\s|\']|[\\s|"]){0,3}(?:=|>|:{1,3}=|\\|\\|:|<=|=>|:|\\?=)(?:\'|\\"|\\s|=|\\x60){0,5}("[a-z0-9=_\\-]{8,20}")(?:[\'|\\"|\\n|\\r|\\s|\\x60|;]|$)', PosixPath('server/storage.ts'), 'config..semgrep.vendored-rules.generic.secrets.gitleaks.hashicorp-tf-password') match_id = 13f170b757887563dba95c74dbad45bd51e96ac4df7adab4da90f14ed53d76e1647a693de8d2aeac908aedc43ccdc57850e6859466252ee32678b599da7cb64b_0
2025-07-06 01:47:32,476 - semgrep.rule_match - DEBUG - match_key = ('(?i)(?:administrator_login_password|password)(?:[0-9a-z\\-_\\t .]{0,20})(?:[\\s|\']|[\\s|"]){0,3}(?:=|>|:{1,3}=|\\|\\|:|<=|=>|:|\\?=)(?:\'|\\"|\\s|=|\\x60){0,5}("[a-z0-9=_\\-]{8,20}")(?:[\'|\\"|\\n|\\r|\\s|\\x60|;]|$)', PosixPath('server/storage.ts'), 'config..semgrep.vendored-rules.generic.secrets.gitleaks.hashicorp-tf-password') match_id = 13f170b757887563dba95c74dbad45bd51e96ac4df7adab4da90f14ed53d76e1647a693de8d2aeac908aedc43ccdc57850e6859466252ee32678b599da7cb64b_0
2025-07-06 01:47:32,477 - semgrep.rule_match - DEBUG - match_key = ('(?i)(?:administrator_login_password|password)(?:[0-9a-z\\-_\\t .]{0,20})(?:[\\s|\']|[\\s|"]){0,3}(?:=|>|:{1,3}=|\\|\\|:|<=|=>|:|\\?=)(?:\'|\\"|\\s|=|\\x60){0,5}("[a-z0-9=_\\-]{8,20}")(?:[\'|\\"|\\n|\\r|\\s|\\x60|;]|$)', PosixPath('server/storage.ts'), 'config..semgrep.vendored-rules.generic.secrets.gitleaks.hashicorp-tf-password') match_id = 13f170b757887563dba95c74dbad45bd51e96ac4df7adab4da90f14ed53d76e1647a693de8d2aeac908aedc43ccdc57850e6859466252ee32678b599da7cb64b_0
2025-07-06 01:47:32,478 - semgrep.rule_match - DEBUG - match_key = ('', PosixPath('server/storage.ts'), 'config..semgrep.vendored-rules.generic.secrets.gitleaks.hashicorp-tf-password') match_id = f7b76fede76efcfe177bce74b63b088bd7c92e162feb148bc7b7aa4dfb2cc12a36143ddde701df8f37f6a818c4ab82bf02e6d31218f0d88d383091025a35f871_0
2025-07-06 01:47:32,479 - semgrep.rule_match - DEBUG - match_key = ('(?i)(?:administrator_login_password|password)(?:[0-9a-z\\-_\\t .]{0,20})(?:[\\s|\']|[\\s|"]){0,3}(?:=|>|:{1,3}=|\\|\\|:|<=|=>|:|\\?=)(?:\'|\\"|\\s|=|\\x60){0,5}("[a-z0-9=_\\-]{8,20}")(?:[\'|\\"|\\n|\\r|\\s|\\x60|;]|$)', PosixPath('server/storage.ts'), 'config..semgrep.vendored-rules.generic.secrets.gitleaks.hashicorp-tf-password') match_id = 13f170b757887563dba95c74dbad45bd51e96ac4df7adab4da90f14ed53d76e1647a693de8d2aeac908aedc43ccdc57850e6859466252ee32678b599da7cb64b_0
2025-07-06 01:47:32,480 - semgrep.rule_match - DEBUG - match_key = ('(?i)(?:administrator_login_password|password)(?:[0-9a-z\\-_\\t .]{0,20})(?:[\\s|\']|[\\s|"]){0,3}(?:=|>|:{1,3}=|\\|\\|:|<=|=>|:|\\?=)(?:\'|\\"|\\s|=|\\x60){0,5}("[a-z0-9=_\\-]{8,20}")(?:[\'|\\"|\\n|\\r|\\s|\\x60|;]|$)', PosixPath('server/storage.ts'), 'config..semgrep.vendored-rules.generic.secrets.gitleaks.hashicorp-tf-password') match_id = 13f170b757887563dba95c74dbad45bd51e96ac4df7adab4da90f14ed53d76e1647a693de8d2aeac908aedc43ccdc57850e6859466252ee32678b599da7cb64b_0
2025-07-06 01:47:32,481 - semgrep.rule_match - DEBUG - match_key = ('(?i)(?:administrator_login_password|password)(?:[0-9a-z\\-_\\t .]{0,20})(?:[\\s|\']|[\\s|"]){0,3}(?:=|>|:{1,3}=|\\|\\|:|<=|=>|:|\\?=)(?:\'|\\"|\\s|=|\\x60){0,5}("[a-z0-9=_\\-]{8,20}")(?:[\'|\\"|\\n|\\r|\\s|\\x60|;]|$)', PosixPath('server/storage.ts'), 'config..semgrep.vendored-rules.generic.secrets.gitleaks.hashicorp-tf-password') match_id = 13f170b757887563dba95c74dbad45bd51e96ac4df7adab4da90f14ed53d76e1647a693de8d2aeac908aedc43ccdc57850e6859466252ee32678b599da7cb64b_1
2025-07-06 01:47:32,482 - semgrep.rule_match - DEBUG - match_key = ('', PosixPath('server/storage_backup.ts'), 'config..semgrep.vendored-rules.javascript.lang.security.audit.unsafe-formatstring') match_id = 76f027ad512fefcceafb97dc4fed8550bfa7374274e7f01097d7e630907f17f579b7161b9b9086c28d76bbc629b2ff82a8589d5a513b6c26d56604e65e897662_0
2025-07-06 01:47:32,482 - semgrep.rule_match - DEBUG - match_key = ('"..." + "..."\n $X + $Y $X.concat($Y) `...${...}...`\n $X.concat("...")\n ``Error deleting user id:` $UTIL = require(\'util\')\n...\n $UTIL.format(``Error deleting user id:`,error,...)\n console.error(``Error deleting user id:`,error,...)\n', PosixPath('server/storage_backup.ts'), 'config..semgrep.vendored-rules.javascript.lang.security.audit.unsafe-formatstring') match_id = 9a52d29b6bd93345ca75cf8197fde3d3261e0151eac3cb68978d63d6b51c3f0435ccec6071b3f8f24622730478aff30f6fcba194e072e6b18733c5647d241c1a_0
2025-07-06 01:47:32,483 - semgrep.rule_match - DEBUG - match_key = ('"..." + "..."\n $X + $Y $X.concat($Y) `...${...}...`\n $X.concat("...")\n ``Error deleting user id:` $UTIL = require(\'util\')\n...\n $UTIL.format(``Error deleting user id:`,error,...)\n console.error(``Error deleting user id:`,error,...)\n', PosixPath('server/storage_backup.ts'), 'config..semgrep.vendored-rules.javascript.lang.security.audit.unsafe-formatstring') match_id = 9a52d29b6bd93345ca75cf8197fde3d3261e0151eac3cb68978d63d6b51c3f0435ccec6071b3f8f24622730478aff30f6fcba194e072e6b18733c5647d241c1a_0
2025-07-06 01:47:32,483 - semgrep.rule_match - DEBUG - match_key = ('"..." + "..."\n $X + $Y $X.concat($Y) `...${...}...`\n $X.concat("...")\n ``Error deleting user id:` $UTIL = require(\'util\')\n...\n $UTIL.format(``Error deleting user id:`,error,...)\n console.error(``Error deleting user id:`,error,...)\n', PosixPath('server/storage_backup.ts'), 'config..semgrep.vendored-rules.javascript.lang.security.audit.unsafe-formatstring') match_id = 9a52d29b6bd93345ca75cf8197fde3d3261e0151eac3cb68978d63d6b51c3f0435ccec6071b3f8f24622730478aff30f6fcba194e072e6b18733c5647d241c1a_0
2025-07-06 01:47:32,484 - semgrep.rule_match - DEBUG - match_key = ('', PosixPath('server/storage_backup.ts'), 'config..semgrep.vendored-rules.javascript.lang.security.audit.unsafe-formatstring') match_id = 76f027ad512fefcceafb97dc4fed8550bfa7374274e7f01097d7e630907f17f579b7161b9b9086c28d76bbc629b2ff82a8589d5a513b6c26d56604e65e897662_0
2025-07-06 01:47:32,485 - semgrep.rule_match - DEBUG - match_key = ('"..." + "..."\n $X + $Y $X.concat($Y) `...${...}...`\n $X.concat("...")\n ``Error fetching price for cryptoId:` $UTIL = require(\'util\')\n...\n $UTIL.format(``Error fetching price for cryptoId:`,error,...)\n console.error(``Error fetching price for cryptoId:`,error,...)\n', PosixPath('server/storage_backup.ts'), 'config..semgrep.vendored-rules.javascript.lang.security.audit.unsafe-formatstring') match_id = 1efe0edd359bb71ea9b7a43e1f3e1e9bd7f0469d352cb2fdf9f88b0119c7fc8902277c7a5cf23da8bc977907292e64f088b33b30cc3a4953ede22ce9820e8899_0
2025-07-06 01:47:32,485 - semgrep.rule_match - DEBUG - match_key = ('"..." + "..."\n $X + $Y $X.concat($Y) `...${...}...`\n $X.concat("...")\n ``Error fetching price for cryptoId:` $UTIL = require(\'util\')\n...\n $UTIL.format(``Error fetching price for cryptoId:`,error,...)\n console.error(``Error fetching price for cryptoId:`,error,...)\n', PosixPath('server/storage_backup.ts'), 'config..semgrep.vendored-rules.javascript.lang.security.audit.unsafe-formatstring') match_id = 1efe0edd359bb71ea9b7a43e1f3e1e9bd7f0469d352cb2fdf9f88b0119c7fc8902277c7a5cf23da8bc977907292e64f088b33b30cc3a4953ede22ce9820e8899_0
2025-07-06 01:47:32,486 - semgrep.rule_match - DEBUG - match_key = ('"..." + "..."\n $X + $Y $X.concat($Y) `...${...}...`\n $X.concat("...")\n ``Error fetching price for cryptoId:` $UTIL = require(\'util\')\n...\n $UTIL.format(``Error fetching price for cryptoId:`,error,...)\n console.error(``Error fetching price for cryptoId:`,error,...)\n', PosixPath('server/storage_backup.ts'), 'config..semgrep.vendored-rules.javascript.lang.security.audit.unsafe-formatstring') match_id = 1efe0edd359bb71ea9b7a43e1f3e1e9bd7f0469d352cb2fdf9f88b0119c7fc8902277c7a5cf23da8bc977907292e64f088b33b30cc3a4953ede22ce9820e8899_0
2025-07-06 01:47:32,487 - semgrep.rule_match - DEBUG - match_key = ('', PosixPath('server/storage_backup.ts'), 'config..semgrep.vendored-rules.javascript.lang.security.audit.unsafe-formatstring') match_id = 76f027ad512fefcceafb97dc4fed8550bfa7374274e7f01097d7e630907f17f579b7161b9b9086c28d76bbc629b2ff82a8589d5a513b6c26d56604e65e897662_0
2025-07-06 01:47:32,488 - semgrep.rule_match - DEBUG - match_key = ('"..." + "..."\n $X + $Y $X.concat($Y) `...${...}...`\n $X.concat("...")\n ``Database fallback failed for cryptoId:` $UTIL = require(\'util\')\n...\n $UTIL.format(``Database fallback failed for cryptoId:`,dbError,...)\n console.error(``Database fallback failed for cryptoId:`,dbError,...)\n', PosixPath('server/storage_backup.ts'), 'config..semgrep.vendored-rules.javascript.lang.security.audit.unsafe-formatstring') match_id = 3b658230246e52334b2dbb60c929a51475cd298118c6c6bf468963e681f5661e6e959cf868f2a9a752698c9a7b445e0d7c806db72b5c4cb0bbfca74ae78389d0_0
2025-07-06 01:47:32,488 - semgrep.rule_match - DEBUG - match_key = ('"..." + "..."\n $X + $Y $X.concat($Y) `...${...}...`\n $X.concat("...")\n ``Database fallback failed for cryptoId:` $UTIL = require(\'util\')\n...\n $UTIL.format(``Database fallback failed for cryptoId:`,dbError,...)\n console.error(``Database fallback failed for cryptoId:`,dbError,...)\n', PosixPath('server/storage_backup.ts'), 'config..semgrep.vendored-rules.javascript.lang.security.audit.unsafe-formatstring') match_id = 3b658230246e52334b2dbb60c929a51475cd298118c6c6bf468963e681f5661e6e959cf868f2a9a752698c9a7b445e0d7c806db72b5c4cb0bbfca74ae78389d0_0
2025-07-06 01:47:32,489 - semgrep.rule_match - DEBUG - match_key = ('"..." + "..."\n $X + $Y $X.concat($Y) `...${...}...`\n $X.concat("...")\n ``Database fallback failed for cryptoId:` $UTIL = require(\'util\')\n...\n $UTIL.format(``Database fallback failed for cryptoId:`,dbError,...)\n console.error(``Database fallback failed for cryptoId:`,dbError,...)\n', PosixPath('server/storage_backup.ts'), 'config..semgrep.vendored-rules.javascript.lang.security.audit.unsafe-formatstring') match_id = 3b658230246e52334b2dbb60c929a51475cd298118c6c6bf468963e681f5661e6e959cf868f2a9a752698c9a7b445e0d7c806db72b5c4cb0bbfca74ae78389d0_0
2025-07-06 01:47:32,490 - semgrep.rule_match - DEBUG - match_key = ('', PosixPath('server/storage_backup.ts'), 'config..semgrep.vendored-rules.javascript.lang.security.audit.unsafe-formatstring') match_id = 76f027ad512fefcceafb97dc4fed8550bfa7374274e7f01097d7e630907f17f579b7161b9b9086c28d76bbc629b2ff82a8589d5a513b6c26d56604e65e897662_0
2025-07-06 01:47:32,491 - semgrep.rule_match - DEBUG - match_key = ('"..." + "..."\n $X + $Y $X.concat($Y) `...${...}...`\n $X.concat("...")\n ``Error resolving battle battleId:` $UTIL = require(\'util\')\n...\n $UTIL.format(``Error resolving battle battleId:`,error,...)\n console.error(``Error resolving battle battleId:`,error,...)\n', PosixPath('server/storage_backup.ts'), 'config..semgrep.vendored-rules.javascript.lang.security.audit.unsafe-formatstring') match_id = dc14b64b8acc10d6bd38b4f1a430cb96dfc5960c6beb4d1aead556974e8851d511d383a10a23ae6bd0ec9ccb39bd2acd1c035481a013bad7cb40113e622896c8_0
2025-07-06 01:47:32,492 - semgrep.rule_match - DEBUG - match_key = ('"..." + "..."\n $X + $Y $X.concat($Y) `...${...}...`\n $X.concat("...")\n ``Error resolving battle battleId:` $UTIL = require(\'util\')\n...\n $UTIL.format(``Error resolving battle battleId:`,error,...)\n console.error(``Error resolving battle battleId:`,error,...)\n', PosixPath('server/storage_backup.ts'), 'config..semgrep.vendored-rules.javascript.lang.security.audit.unsafe-formatstring') match_id = dc14b64b8acc10d6bd38b4f1a430cb96dfc5960c6beb4d1aead556974e8851d511d383a10a23ae6bd0ec9ccb39bd2acd1c035481a013bad7cb40113e622896c8_0
2025-07-06 01:47:32,493 - semgrep.rule_match - DEBUG - match_key = ('"..." + "..."\n $X + $Y $X.concat($Y) `...${...}...`\n $X.concat("...")\n ``Error resolving battle battleId:` $UTIL = require(\'util\')\n...\n $UTIL.format(``Error resolving battle battleId:`,error,...)\n console.error(``Error resolving battle battleId:`,error,...)\n', PosixPath('server/storage_backup.ts'), 'config..semgrep.vendored-rules.javascript.lang.security.audit.unsafe-formatstring') match_id = dc14b64b8acc10d6bd38b4f1a430cb96dfc5960c6beb4d1aead556974e8851d511d383a10a23ae6bd0ec9ccb39bd2acd1c035481a013bad7cb40113e622896c8_0
2025-07-06 01:47:32,494 - semgrep.rule_match - DEBUG - match_key = ('', PosixPath('server/storage_backup.ts'), 'config..semgrep.vendored-rules.generic.secrets.gitleaks.hashicorp-tf-password') match_id = f662c1d9e2ebddfe26d26a4546c10c7547c0679288c08280794a5b6ed7f13f59eaa520d21cf1149625a5257ef332f481ea08633188454a21d113f3bc01d528d6_0
2025-07-06 01:47:32,495 - semgrep.rule_match - DEBUG - match_key = ('(?i)(?:administrator_login_password|password)(?:[0-9a-z\\-_\\t .]{0,20})(?:[\\s|\']|[\\s|"]){0,3}(?:=|>|:{1,3}=|\\|\\|:|<=|=>|:|\\?=)(?:\'|\\"|\\s|=|\\x60){0,5}("[a-z0-9=_\\-]{8,20}")(?:[\'|\\"|\\n|\\r|\\s|\\x60|;]|$)', PosixPath('server/storage_backup.ts'), 'config..semgrep.vendored-rules.generic.secrets.gitleaks.hashicorp-tf-password') match_id = fcbbbff293c5c7d02c636cfeb07770ebe8ca46d1d374841723af9c1d92f4c7891f9b092faaa86a8862b00c36b0f729979a3d53f8842ebd7121227848c50b65db_0
2025-07-06 01:47:32,495 - semgrep.rule_match - DEBUG - match_key = ('(?i)(?:administrator_login_password|password)(?:[0-9a-z\\-_\\t .]{0,20})(?:[\\s|\']|[\\s|"]){0,3}(?:=|>|:{1,3}=|\\|\\|:|<=|=>|:|\\?=)(?:\'|\\"|\\s|=|\\x60){0,5}("[a-z0-9=_\\-]{8,20}")(?:[\'|\\"|\\n|\\r|\\s|\\x60|;]|$)', PosixPath('server/storage_backup.ts'), 'config..semgrep.vendored-rules.generic.secrets.gitleaks.hashicorp-tf-password') match_id = fcbbbff293c5c7d02c636cfeb07770ebe8ca46d1d374841723af9c1d92f4c7891f9b092faaa86a8862b00c36b0f729979a3d53f8842ebd7121227848c50b65db_0
2025-07-06 01:47:32,496 - semgrep.rule_match - DEBUG - match_key = ('(?i)(?:administrator_login_password|password)(?:[0-9a-z\\-_\\t .]{0,20})(?:[\\s|\']|[\\s|"]){0,3}(?:=|>|:{1,3}=|\\|\\|:|<=|=>|:|\\?=)(?:\'|\\"|\\s|=|\\x60){0,5}("[a-z0-9=_\\-]{8,20}")(?:[\'|\\"|\\n|\\r|\\s|\\x60|;]|$)', PosixPath('server/storage_backup.ts'), 'config..semgrep.vendored-rules.generic.secrets.gitleaks.hashicorp-tf-password') match_id = fcbbbff293c5c7d02c636cfeb07770ebe8ca46d1d374841723af9c1d92f4c7891f9b092faaa86a8862b00c36b0f729979a3d53f8842ebd7121227848c50b65db_0
2025-07-06 01:47:32,497 - semgrep.rule_match - DEBUG - match_key = ('', PosixPath('server/storage_backup.ts'), 'config..semgrep.vendored-rules.generic.secrets.gitleaks.hashicorp-tf-password') match_id = f662c1d9e2ebddfe26d26a4546c10c7547c0679288c08280794a5b6ed7f13f59eaa520d21cf1149625a5257ef332f481ea08633188454a21d113f3bc01d528d6_0
2025-07-06 01:47:32,498 - semgrep.rule_match - DEBUG - match_key = ('(?i)(?:administrator_login_password|password)(?:[0-9a-z\\-_\\t .]{0,20})(?:[\\s|\']|[\\s|"]){0,3}(?:=|>|:{1,3}=|\\|\\|:|<=|=>|:|\\?=)(?:\'|\\"|\\s|=|\\x60){0,5}("[a-z0-9=_\\-]{8,20}")(?:[\'|\\"|\\n|\\r|\\s|\\x60|;]|$)', PosixPath('server/storage_backup.ts'), 'config..semgrep.vendored-rules.generic.secrets.gitleaks.hashicorp-tf-password') match_id = fcbbbff293c5c7d02c636cfeb07770ebe8ca46d1d374841723af9c1d92f4c7891f9b092faaa86a8862b00c36b0f729979a3d53f8842ebd7121227848c50b65db_0
2025-07-06 01:47:32,499 - semgrep.rule_match - DEBUG - match_key = ('(?i)(?:administrator_login_password|password)(?:[0-9a-z\\-_\\t .]{0,20})(?:[\\s|\']|[\\s|"]){0,3}(?:=|>|:{1,3}=|\\|\\|:|<=|=>|:|\\?=)(?:\'|\\"|\\s|=|\\x60){0,5}("[a-z0-9=_\\-]{8,20}")(?:[\'|\\"|\\n|\\r|\\s|\\x60|;]|$)', PosixPath('server/storage_backup.ts'), 'config..semgrep.vendored-rules.generic.secrets.gitleaks.hashicorp-tf-password') match_id = fcbbbff293c5c7d02c636cfeb07770ebe8ca46d1d374841723af9c1d92f4c7891f9b092faaa86a8862b00c36b0f729979a3d53f8842ebd7121227848c50b65db_0
2025-07-06 01:47:32,500 - semgrep.rule_match - DEBUG - match_key = ('(?i)(?:administrator_login_password|password)(?:[0-9a-z\\-_\\t .]{0,20})(?:[\\s|\']|[\\s|"]){0,3}(?:=|>|:{1,3}=|\\|\\|:|<=|=>|:|\\?=)(?:\'|\\"|\\s|=|\\x60){0,5}("[a-z0-9=_\\-]{8,20}")(?:[\'|\\"|\\n|\\r|\\s|\\x60|;]|$)', PosixPath('server/storage_backup.ts'), 'config..semgrep.vendored-rules.generic.secrets.gitleaks.hashicorp-tf-password') match_id = fcbbbff293c5c7d02c636cfeb07770ebe8ca46d1d374841723af9c1d92f4c7891f9b092faaa86a8862b00c36b0f729979a3d53f8842ebd7121227848c50b65db_1
2025-07-06 01:47:32,503 - semgrep.core_runner - DEBUG - semgrep ran in 0:00:58.142811 on 417 files
2025-07-06 01:47:32,505 - semgrep.core_runner - DEBUG - findings summary: 6 warning, 3 error, 21 info
2025-07-06 01:47:32,509 - semgrep.app.auth - DEBUG - Getting API token from settings file
2025-07-06 01:47:32,509 - semgrep.app.auth - DEBUG - No API token found in settings file
2025-07-06 01:47:32,630 - semgrep.output - VERBOSE - 
========================================
Files skipped:
========================================

  Always skipped by Opengrep:

   • <none>

  Skipped by .gitignore:
  (Disable by passing --no-git-ignore)

   • <all files not listed by `git ls-files` were skipped>

  Skipped by .semgrepignore:
  - https://semgrep.dev/docs/ignoring-files-folders-code/#understand-semgrep-defaults

   • test/PredictionBattle.test.cjs

  Skipped by --include patterns:

   • <none>

  Skipped by --exclude patterns:

   • <none>

  Files skipped due to insufficient read permissions:

   • <none>

  Skipped by limiting to files smaller than 1000000 bytes:
  (Adjust with the --max-target-bytes flag)

   • package-lock.json
   • server/uploads/profile_50_1751721728831.jpeg

  Partially analyzed due to parsing or internal Opengrep errors

   • server/routes.ts with rule config..semgrep.vendored-rules.javascript.lang.security.audit.detect-non-literal-fs-
     filename
   • shared/schema.ts with rule config..semgrep.vendored-rules.javascript.lang.security.audit.unknown-value-with-script-
     tag
   • tailwind.config.ts (1 lines skipped)

2025-07-06 01:47:32,631 - semgrep.output - INFO - Some files were skipped or only partially analyzed.
  Scan was limited to files tracked by git.
  Partially scanned: 3 files only partially analyzed due to parsing or internal Opengrep errors
  Scan skipped: 2 files larger than 1.0 MB, 1 files matching .semgrepignore patterns
  For a full list of skipped files, run opengrep with the --verbose flag.

Ran 438 rules on 417 files: 30 findings.
2025-07-06 01:47:32,632 - semgrep.app.version - DEBUG - Version cache does not exist
2025-07-06 01:47:32,632 - semgrep.app.version - DEBUG - Version cache does not exist
2025-07-06 01:47:32,647 - semgrep.metrics - VERBOSE - Not sending pseudonymous metrics since metrics are configured to OFF and registry usage is False
